/*
* Web Default Data Sql Script Library v3.2.2
* Copyright 2015, Delta
* Author: Steven
* Date: 2015/05/15
*/

--■■■■■■■■■■■■■■■■■■■■■■■■■■■■■■■■■■■■■■■■■■■■■■■■■■■■■■■■■■■■■■■■■■■
--添加默认值[dbo].[TM_SysParam]
IF NOT EXISTS(SELECT 1 FROM [dbo].[TM_SysParam] WHERE [ID]=1 AND [ParaCode]=10000001)
BEGIN
	INSERT INTO [dbo].[TM_SysParam]([ID],[ParaCode],[ParaData],[ParaDisplay],[Note]) VALUES(1,10000001,0,N'60',N'达标值');
END
IF NOT EXISTS(SELECT 1 FROM [dbo].[TM_SysParam] WHERE [ID]=2 AND [ParaCode]=10000001)
BEGIN
	INSERT INTO [dbo].[TM_SysParam]([ID],[ParaCode],[ParaData],[ParaDisplay],[Note]) VALUES(2,10000001,1,N'90',N'优秀值');
END
IF NOT EXISTS(SELECT 1 FROM [dbo].[TM_SysParam] WHERE [ID]=3 AND [ParaCode]=20000001)
BEGIN
	INSERT INTO [dbo].[TM_SysParam]([ID],[ParaCode],[ParaData],[ParaDisplay],[Note]) VALUES(3,20000001,0,NULL,NULL);
END
GO

--■■■■■■■■■■■■■■■■■■■■■■■■■■■■■■■■■■■■■■■■■■■■■■■■■■■■■■■■■■■■■■■■■■■
--添加默认值[dbo].[TC_AlarmDeviceType]
TRUNCATE TABLE [dbo].[TC_AlarmDeviceType];
GO
INSERT INTO [dbo].[TC_AlarmDeviceType]([TypeID],[TypeDesc],[DeviceTypeID],[NetClassID]) VALUES(0,N'未定义',99,139999);
INSERT INTO [dbo].[TC_AlarmDeviceType]([TypeID],[TypeDesc],[DeviceTypeID],[NetClassID]) VALUES(1,N'高压配电',0,130101);
INSERT INTO [dbo].[TC_AlarmDeviceType]([TypeID],[TypeDesc],[DeviceTypeID],[NetClassID]) VALUES(2,N'低压配电',1,130102);
INSERT INTO [dbo].[TC_AlarmDeviceType]([TypeID],[TypeDesc],[DeviceTypeID],[NetClassID]) VALUES(3,N'交流配电屏',0,130117);
INSERT INTO [dbo].[TC_AlarmDeviceType]([TypeID],[TypeDesc],[DeviceTypeID],[NetClassID]) VALUES(4,N'直流配电屏',6,130116);
INSERT INTO [dbo].[TC_AlarmDeviceType]([TypeID],[TypeDesc],[DeviceTypeID],[NetClassID]) VALUES(5,N'发电机组',2,130106);
INSERT INTO [dbo].[TC_AlarmDeviceType]([TypeID],[TypeDesc],[DeviceTypeID],[NetClassID]) VALUES(6,N'开关电源',6,130103);
INSERT INTO [dbo].[TC_AlarmDeviceType]([TypeID],[TypeDesc],[DeviceTypeID],[NetClassID]) VALUES(7,N'基础电池',10,130105);
INSERT INTO [dbo].[TC_AlarmDeviceType]([TypeID],[TypeDesc],[DeviceTypeID],[NetClassID]) VALUES(8,N'UPS设备',4,130104);
INSERT INTO [dbo].[TC_AlarmDeviceType]([TypeID],[TypeDesc],[DeviceTypeID],[NetClassID]) VALUES(9,N'UPS配电屏',1,130114);
INSERT INTO [dbo].[TC_AlarmDeviceType]([TypeID],[TypeDesc],[DeviceTypeID],[NetClassID]) VALUES(10,N'UPS电池',10,130115);
INSERT INTO [dbo].[TC_AlarmDeviceType]([TypeID],[TypeDesc],[DeviceTypeID],[NetClassID]) VALUES(11,N'专用空调(风冷)',11,130108);
INSERT INTO [dbo].[TC_AlarmDeviceType]([TypeID],[TypeDesc],[DeviceTypeID],[NetClassID]) VALUES(12,N'专用空调(通冷冻水型)',11,130109);
INSERT INTO [dbo].[TC_AlarmDeviceType]([TypeID],[TypeDesc],[DeviceTypeID],[NetClassID]) VALUES(13,N'中央空调(水冷)',12,130107);
INSERT INTO [dbo].[TC_AlarmDeviceType]([TypeID],[TypeDesc],[DeviceTypeID],[NetClassID]) VALUES(14,N'中央空调(风冷)',12,139999);
INSERT INTO [dbo].[TC_AlarmDeviceType]([TypeID],[TypeDesc],[DeviceTypeID],[NetClassID]) VALUES(15,N'普通空调',11,130110);
INSERT INTO [dbo].[TC_AlarmDeviceType]([TypeID],[TypeDesc],[DeviceTypeID],[NetClassID]) VALUES(16,N'极早期烟感设备',14,130111);
INSERT INTO [dbo].[TC_AlarmDeviceType]([TypeID],[TypeDesc],[DeviceTypeID],[NetClassID]) VALUES(17,N'机房环境',14,130113);
INSERT INTO [dbo].[TC_AlarmDeviceType]([TypeID],[TypeDesc],[DeviceTypeID],[NetClassID]) VALUES(70,N'基站开关电源',6,130201);
INSERT INTO [dbo].[TC_AlarmDeviceType]([TypeID],[TypeDesc],[DeviceTypeID],[NetClassID]) VALUES(71,N'基站智能门禁',13,130209);
INSERT INTO [dbo].[TC_AlarmDeviceType]([TypeID],[TypeDesc],[DeviceTypeID],[NetClassID]) VALUES(72,N'基站智能电表',17,130210);
INSERT INTO [dbo].[TC_AlarmDeviceType]([TypeID],[TypeDesc],[DeviceTypeID],[NetClassID]) VALUES(73,N'基站UPS',4,130202);
INSERT INTO [dbo].[TC_AlarmDeviceType]([TypeID],[TypeDesc],[DeviceTypeID],[NetClassID]) VALUES(74,N'基站固定油机',2,130204);
INSERT INTO [dbo].[TC_AlarmDeviceType]([TypeID],[TypeDesc],[DeviceTypeID],[NetClassID]) VALUES(75,N'基站环境',14,130206);
INSERT INTO [dbo].[TC_AlarmDeviceType]([TypeID],[TypeDesc],[DeviceTypeID],[NetClassID]) VALUES(76,N'监控设备',99,130207);
INSERT INTO [dbo].[TC_AlarmDeviceType]([TypeID],[TypeDesc],[DeviceTypeID],[NetClassID]) VALUES(77,N'智能通风/换热系统',18,130213);
INSERT INTO [dbo].[TC_AlarmDeviceType]([TypeID],[TypeDesc],[DeviceTypeID],[NetClassID]) VALUES(78,N'太阳能/风能设备',7,130216);
GO

--■■■■■■■■■■■■■■■■■■■■■■■■■■■■■■■■■■■■■■■■■■■■■■■■■■■■■■■■■■■■■■■■■■■
--添加默认值[dbo].[TC_AlarmLogType]
TRUNCATE TABLE [dbo].[TC_AlarmLogType];
GO
INSERT INTO [dbo].[TC_AlarmLogType]([TypeID],[AlarmDeviceTypeID],[TypeDesc]) VALUES(0,0,N'未定义');
INSERT INTO [dbo].[TC_AlarmLogType]([TypeID],[AlarmDeviceTypeID],[TypeDesc]) VALUES(101,1,N'高压配电告警');
INSERT INTO [dbo].[TC_AlarmLogType]([TypeID],[AlarmDeviceTypeID],[TypeDesc]) VALUES(102,1,N'变压器告警');
INSERT INTO [dbo].[TC_AlarmLogType]([TypeID],[AlarmDeviceTypeID],[TypeDesc]) VALUES(103,1,N'高压操作电源告警');
INSERT INTO [dbo].[TC_AlarmLogType]([TypeID],[AlarmDeviceTypeID],[TypeDesc]) VALUES(201,2,N'低压配电告警');
INSERT INTO [dbo].[TC_AlarmLogType]([TypeID],[AlarmDeviceTypeID],[TypeDesc]) VALUES(202,2,N'电容补偿设备告警');
INSERT INTO [dbo].[TC_AlarmLogType]([TypeID],[AlarmDeviceTypeID],[TypeDesc]) VALUES(203,2,N'谐波抑制设备告警');
INSERT INTO [dbo].[TC_AlarmLogType]([TypeID],[AlarmDeviceTypeID],[TypeDesc]) VALUES(301,3,N'输入告警');
INSERT INTO [dbo].[TC_AlarmLogType]([TypeID],[AlarmDeviceTypeID],[TypeDesc]) VALUES(302,3,N'输出告警');
INSERT INTO [dbo].[TC_AlarmLogType]([TypeID],[AlarmDeviceTypeID],[TypeDesc]) VALUES(401,4,N'输出告警');
INSERT INTO [dbo].[TC_AlarmLogType]([TypeID],[AlarmDeviceTypeID],[TypeDesc]) VALUES(501,5,N'停机告警');
INSERT INTO [dbo].[TC_AlarmLogType]([TypeID],[AlarmDeviceTypeID],[TypeDesc]) VALUES(502,5,N'运行性能告警');
INSERT INTO [dbo].[TC_AlarmLogType]([TypeID],[AlarmDeviceTypeID],[TypeDesc]) VALUES(503,5,N'辅助告警');
INSERT INTO [dbo].[TC_AlarmLogType]([TypeID],[AlarmDeviceTypeID],[TypeDesc]) VALUES(504,5,N'输出告警');
INSERT INTO [dbo].[TC_AlarmLogType]([TypeID],[AlarmDeviceTypeID],[TypeDesc]) VALUES(601,6,N'电池告警');
INSERT INTO [dbo].[TC_AlarmLogType]([TypeID],[AlarmDeviceTypeID],[TypeDesc]) VALUES(602,6,N'输出告警');
INSERT INTO [dbo].[TC_AlarmLogType]([TypeID],[AlarmDeviceTypeID],[TypeDesc]) VALUES(603,6,N'变换设备告警');
INSERT INTO [dbo].[TC_AlarmLogType]([TypeID],[AlarmDeviceTypeID],[TypeDesc]) VALUES(604,6,N'输入告警');
INSERT INTO [dbo].[TC_AlarmLogType]([TypeID],[AlarmDeviceTypeID],[TypeDesc]) VALUES(605,6,N'整流模块告警');
INSERT INTO [dbo].[TC_AlarmLogType]([TypeID],[AlarmDeviceTypeID],[TypeDesc]) VALUES(701,7,N'基础电池告警');
INSERT INTO [dbo].[TC_AlarmLogType]([TypeID],[AlarmDeviceTypeID],[TypeDesc]) VALUES(801,8,N'输入告警');
INSERT INTO [dbo].[TC_AlarmLogType]([TypeID],[AlarmDeviceTypeID],[TypeDesc]) VALUES(802,8,N'输出告警');
INSERT INTO [dbo].[TC_AlarmLogType]([TypeID],[AlarmDeviceTypeID],[TypeDesc]) VALUES(803,8,N'旁路告警');
INSERT INTO [dbo].[TC_AlarmLogType]([TypeID],[AlarmDeviceTypeID],[TypeDesc]) VALUES(804,8,N'整流器告警');
INSERT INTO [dbo].[TC_AlarmLogType]([TypeID],[AlarmDeviceTypeID],[TypeDesc]) VALUES(805,8,N'逆变器告警');
INSERT INTO [dbo].[TC_AlarmLogType]([TypeID],[AlarmDeviceTypeID],[TypeDesc]) VALUES(806,8,N'辅助及控制部件告警');
INSERT INTO [dbo].[TC_AlarmLogType]([TypeID],[AlarmDeviceTypeID],[TypeDesc]) VALUES(901,9,N'输出中断告警');
INSERT INTO [dbo].[TC_AlarmLogType]([TypeID],[AlarmDeviceTypeID],[TypeDesc]) VALUES(1001,10,N'温度告警');
INSERT INTO [dbo].[TC_AlarmLogType]([TypeID],[AlarmDeviceTypeID],[TypeDesc]) VALUES(1002,10,N'电压告警');
INSERT INTO [dbo].[TC_AlarmLogType]([TypeID],[AlarmDeviceTypeID],[TypeDesc]) VALUES(1101,11,N'风路系统告警');
INSERT INTO [dbo].[TC_AlarmLogType]([TypeID],[AlarmDeviceTypeID],[TypeDesc]) VALUES(1102,11,N'压缩机告警');
INSERT INTO [dbo].[TC_AlarmLogType]([TypeID],[AlarmDeviceTypeID],[TypeDesc]) VALUES(1103,11,N'系统故障告警');
INSERT INTO [dbo].[TC_AlarmLogType]([TypeID],[AlarmDeviceTypeID],[TypeDesc]) VALUES(1201,12,N'风路系统告警');
INSERT INTO [dbo].[TC_AlarmLogType]([TypeID],[AlarmDeviceTypeID],[TypeDesc]) VALUES(1202,12,N'水路系统告警');
INSERT INTO [dbo].[TC_AlarmLogType]([TypeID],[AlarmDeviceTypeID],[TypeDesc]) VALUES(1203,12,N'压缩机告警');
INSERT INTO [dbo].[TC_AlarmLogType]([TypeID],[AlarmDeviceTypeID],[TypeDesc]) VALUES(1204,12,N'系统故障告警');
INSERT INTO [dbo].[TC_AlarmLogType]([TypeID],[AlarmDeviceTypeID],[TypeDesc]) VALUES(1301,13,N'系统故障告警');
INSERT INTO [dbo].[TC_AlarmLogType]([TypeID],[AlarmDeviceTypeID],[TypeDesc]) VALUES(1302,13,N'监控故障告警');
INSERT INTO [dbo].[TC_AlarmLogType]([TypeID],[AlarmDeviceTypeID],[TypeDesc]) VALUES(1303,13,N'压缩机故障');
INSERT INTO [dbo].[TC_AlarmLogType]([TypeID],[AlarmDeviceTypeID],[TypeDesc]) VALUES(1501,15,N'风机告警');
INSERT INTO [dbo].[TC_AlarmLogType]([TypeID],[AlarmDeviceTypeID],[TypeDesc]) VALUES(1502,15,N'压缩机告警');
INSERT INTO [dbo].[TC_AlarmLogType]([TypeID],[AlarmDeviceTypeID],[TypeDesc]) VALUES(1503,15,N'输入电源告警');
INSERT INTO [dbo].[TC_AlarmLogType]([TypeID],[AlarmDeviceTypeID],[TypeDesc]) VALUES(1601,16,N'系统告警');
INSERT INTO [dbo].[TC_AlarmLogType]([TypeID],[AlarmDeviceTypeID],[TypeDesc]) VALUES(1602,16,N'烟雾告警');
INSERT INTO [dbo].[TC_AlarmLogType]([TypeID],[AlarmDeviceTypeID],[TypeDesc]) VALUES(1701,17,N'水浸告警');
INSERT INTO [dbo].[TC_AlarmLogType]([TypeID],[AlarmDeviceTypeID],[TypeDesc]) VALUES(1702,17,N'烟雾告警');
INSERT INTO [dbo].[TC_AlarmLogType]([TypeID],[AlarmDeviceTypeID],[TypeDesc]) VALUES(1703,17,N'红外告警');
INSERT INTO [dbo].[TC_AlarmLogType]([TypeID],[AlarmDeviceTypeID],[TypeDesc]) VALUES(1704,17,N'温度告警');
INSERT INTO [dbo].[TC_AlarmLogType]([TypeID],[AlarmDeviceTypeID],[TypeDesc]) VALUES(1705,17,N'湿度告警');
INSERT INTO [dbo].[TC_AlarmLogType]([TypeID],[AlarmDeviceTypeID],[TypeDesc]) VALUES(1706,17,N'门碰告警');
INSERT INTO [dbo].[TC_AlarmLogType]([TypeID],[AlarmDeviceTypeID],[TypeDesc]) VALUES(1707,17,N'玻破告警');
INSERT INTO [dbo].[TC_AlarmLogType]([TypeID],[AlarmDeviceTypeID],[TypeDesc]) VALUES(7001,70,N'输入告警');
INSERT INTO [dbo].[TC_AlarmLogType]([TypeID],[AlarmDeviceTypeID],[TypeDesc]) VALUES(7002,70,N'输出告警');
INSERT INTO [dbo].[TC_AlarmLogType]([TypeID],[AlarmDeviceTypeID],[TypeDesc]) VALUES(7003,70,N'变换设备告警');
INSERT INTO [dbo].[TC_AlarmLogType]([TypeID],[AlarmDeviceTypeID],[TypeDesc]) VALUES(7004,70,N'整流设备告警');
INSERT INTO [dbo].[TC_AlarmLogType]([TypeID],[AlarmDeviceTypeID],[TypeDesc]) VALUES(7005,70,N'电池告警');
INSERT INTO [dbo].[TC_AlarmLogType]([TypeID],[AlarmDeviceTypeID],[TypeDesc]) VALUES(7101,71,N'非法出入告警');
INSERT INTO [dbo].[TC_AlarmLogType]([TypeID],[AlarmDeviceTypeID],[TypeDesc]) VALUES(7102,71,N'门开告警');
INSERT INTO [dbo].[TC_AlarmLogType]([TypeID],[AlarmDeviceTypeID],[TypeDesc]) VALUES(7103,71,N'系统告警');
INSERT INTO [dbo].[TC_AlarmLogType]([TypeID],[AlarmDeviceTypeID],[TypeDesc]) VALUES(7201,72,N'市电异常告警');
INSERT INTO [dbo].[TC_AlarmLogType]([TypeID],[AlarmDeviceTypeID],[TypeDesc]) VALUES(7202,72,N'系统告警');
INSERT INTO [dbo].[TC_AlarmLogType]([TypeID],[AlarmDeviceTypeID],[TypeDesc]) VALUES(7301,73,N'输入告警');
INSERT INTO [dbo].[TC_AlarmLogType]([TypeID],[AlarmDeviceTypeID],[TypeDesc]) VALUES(7302,73,N'输出告警');
INSERT INTO [dbo].[TC_AlarmLogType]([TypeID],[AlarmDeviceTypeID],[TypeDesc]) VALUES(7303,73,N'系统告警');
INSERT INTO [dbo].[TC_AlarmLogType]([TypeID],[AlarmDeviceTypeID],[TypeDesc]) VALUES(7304,73,N'电池告警');
INSERT INTO [dbo].[TC_AlarmLogType]([TypeID],[AlarmDeviceTypeID],[TypeDesc]) VALUES(7401,74,N'停机告警');
INSERT INTO [dbo].[TC_AlarmLogType]([TypeID],[AlarmDeviceTypeID],[TypeDesc]) VALUES(7402,74,N'输出告警');
INSERT INTO [dbo].[TC_AlarmLogType]([TypeID],[AlarmDeviceTypeID],[TypeDesc]) VALUES(7403,74,N'辅助告警');
INSERT INTO [dbo].[TC_AlarmLogType]([TypeID],[AlarmDeviceTypeID],[TypeDesc]) VALUES(7501,75,N'水浸告警');
INSERT INTO [dbo].[TC_AlarmLogType]([TypeID],[AlarmDeviceTypeID],[TypeDesc]) VALUES(7502,75,N'烟雾告警');
INSERT INTO [dbo].[TC_AlarmLogType]([TypeID],[AlarmDeviceTypeID],[TypeDesc]) VALUES(7503,75,N'温度告警');
INSERT INTO [dbo].[TC_AlarmLogType]([TypeID],[AlarmDeviceTypeID],[TypeDesc]) VALUES(7504,75,N'湿度告警');
INSERT INTO [dbo].[TC_AlarmLogType]([TypeID],[AlarmDeviceTypeID],[TypeDesc]) VALUES(7505,75,N'门碰告警');
INSERT INTO [dbo].[TC_AlarmLogType]([TypeID],[AlarmDeviceTypeID],[TypeDesc]) VALUES(7601,76,N'采集设备通信中断告警');
INSERT INTO [dbo].[TC_AlarmLogType]([TypeID],[AlarmDeviceTypeID],[TypeDesc]) VALUES(7602,76,N'监控系统告警');
INSERT INTO [dbo].[TC_AlarmLogType]([TypeID],[AlarmDeviceTypeID],[TypeDesc]) VALUES(7603,76,N'被监控设备通信中断告警');
INSERT INTO [dbo].[TC_AlarmLogType]([TypeID],[AlarmDeviceTypeID],[TypeDesc]) VALUES(7701,77,N'未定义');
INSERT INTO [dbo].[TC_AlarmLogType]([TypeID],[AlarmDeviceTypeID],[TypeDesc]) VALUES(7801,78,N'系统告警');
INSERT INTO [dbo].[TC_AlarmLogType]([TypeID],[AlarmDeviceTypeID],[TypeDesc]) VALUES(7802,78,N'温度告警');
GO

--■■■■■■■■■■■■■■■■■■■■■■■■■■■■■■■■■■■■■■■■■■■■■■■■■■■■■■■■■■■■■■■■■■■
--添加默认值[dbo].[TC_SubAlarmLogType]
TRUNCATE TABLE [dbo].[TC_SubAlarmLogType];
GO
INSERT INTO [dbo].[TC_SubAlarmLogType]([TypeID],[AlarmLogTypeID],[TypeDesc]) VALUES(0,0,N'未定义');
INSERT INTO [dbo].[TC_SubAlarmLogType]([TypeID],[AlarmLogTypeID],[TypeDesc]) VALUES(10101,101,N'高压进线、高压母联、高压出线');
INSERT INTO [dbo].[TC_SubAlarmLogType]([TypeID],[AlarmLogTypeID],[TypeDesc]) VALUES(10201,102,N'未定义');
INSERT INTO [dbo].[TC_SubAlarmLogType]([TypeID],[AlarmLogTypeID],[TypeDesc]) VALUES(10301,103,N'未定义');
INSERT INTO [dbo].[TC_SubAlarmLogType]([TypeID],[AlarmLogTypeID],[TypeDesc]) VALUES(20101,201,N'低压进线、低压母联、低压出线');
INSERT INTO [dbo].[TC_SubAlarmLogType]([TypeID],[AlarmLogTypeID],[TypeDesc]) VALUES(20201,202,N'未定义');
INSERT INTO [dbo].[TC_SubAlarmLogType]([TypeID],[AlarmLogTypeID],[TypeDesc]) VALUES(20301,203,N'未定义');
INSERT INTO [dbo].[TC_SubAlarmLogType]([TypeID],[AlarmLogTypeID],[TypeDesc]) VALUES(30101,301,N'未定义');
INSERT INTO [dbo].[TC_SubAlarmLogType]([TypeID],[AlarmLogTypeID],[TypeDesc]) VALUES(30201,302,N'未定义');
INSERT INTO [dbo].[TC_SubAlarmLogType]([TypeID],[AlarmLogTypeID],[TypeDesc]) VALUES(40101,401,N'未定义');
INSERT INTO [dbo].[TC_SubAlarmLogType]([TypeID],[AlarmLogTypeID],[TypeDesc]) VALUES(50101,501,N'未定义');
INSERT INTO [dbo].[TC_SubAlarmLogType]([TypeID],[AlarmLogTypeID],[TypeDesc]) VALUES(50201,502,N'未定义');
INSERT INTO [dbo].[TC_SubAlarmLogType]([TypeID],[AlarmLogTypeID],[TypeDesc]) VALUES(50301,503,N'未定义');
INSERT INTO [dbo].[TC_SubAlarmLogType]([TypeID],[AlarmLogTypeID],[TypeDesc]) VALUES(50401,504,N'未定义');
INSERT INTO [dbo].[TC_SubAlarmLogType]([TypeID],[AlarmLogTypeID],[TypeDesc]) VALUES(60101,601,N'未定义');
INSERT INTO [dbo].[TC_SubAlarmLogType]([TypeID],[AlarmLogTypeID],[TypeDesc]) VALUES(60201,602,N'未定义');
INSERT INTO [dbo].[TC_SubAlarmLogType]([TypeID],[AlarmLogTypeID],[TypeDesc]) VALUES(60301,603,N'未定义');
INSERT INTO [dbo].[TC_SubAlarmLogType]([TypeID],[AlarmLogTypeID],[TypeDesc]) VALUES(60401,604,N'未定义');
INSERT INTO [dbo].[TC_SubAlarmLogType]([TypeID],[AlarmLogTypeID],[TypeDesc]) VALUES(60501,605,N'未定义');
INSERT INTO [dbo].[TC_SubAlarmLogType]([TypeID],[AlarmLogTypeID],[TypeDesc]) VALUES(70101,701,N'未定义');
INSERT INTO [dbo].[TC_SubAlarmLogType]([TypeID],[AlarmLogTypeID],[TypeDesc]) VALUES(80101,801,N'未定义');
INSERT INTO [dbo].[TC_SubAlarmLogType]([TypeID],[AlarmLogTypeID],[TypeDesc]) VALUES(80201,802,N'未定义');
INSERT INTO [dbo].[TC_SubAlarmLogType]([TypeID],[AlarmLogTypeID],[TypeDesc]) VALUES(80301,803,N'未定义');
INSERT INTO [dbo].[TC_SubAlarmLogType]([TypeID],[AlarmLogTypeID],[TypeDesc]) VALUES(80401,804,N'未定义');
INSERT INTO [dbo].[TC_SubAlarmLogType]([TypeID],[AlarmLogTypeID],[TypeDesc]) VALUES(80501,805,N'未定义');
INSERT INTO [dbo].[TC_SubAlarmLogType]([TypeID],[AlarmLogTypeID],[TypeDesc]) VALUES(80601,806,N'未定义');
INSERT INTO [dbo].[TC_SubAlarmLogType]([TypeID],[AlarmLogTypeID],[TypeDesc]) VALUES(90101,901,N'未定义');
INSERT INTO [dbo].[TC_SubAlarmLogType]([TypeID],[AlarmLogTypeID],[TypeDesc]) VALUES(100101,1001,N'未定义');
INSERT INTO [dbo].[TC_SubAlarmLogType]([TypeID],[AlarmLogTypeID],[TypeDesc]) VALUES(100201,1002,N'未定义');
INSERT INTO [dbo].[TC_SubAlarmLogType]([TypeID],[AlarmLogTypeID],[TypeDesc]) VALUES(110101,1101,N'未定义');
INSERT INTO [dbo].[TC_SubAlarmLogType]([TypeID],[AlarmLogTypeID],[TypeDesc]) VALUES(110201,1102,N'未定义');
INSERT INTO [dbo].[TC_SubAlarmLogType]([TypeID],[AlarmLogTypeID],[TypeDesc]) VALUES(110301,1103,N'未定义');
INSERT INTO [dbo].[TC_SubAlarmLogType]([TypeID],[AlarmLogTypeID],[TypeDesc]) VALUES(120101,1201,N'未定义');
INSERT INTO [dbo].[TC_SubAlarmLogType]([TypeID],[AlarmLogTypeID],[TypeDesc]) VALUES(120201,1202,N'未定义');
INSERT INTO [dbo].[TC_SubAlarmLogType]([TypeID],[AlarmLogTypeID],[TypeDesc]) VALUES(120301,1203,N'未定义');
INSERT INTO [dbo].[TC_SubAlarmLogType]([TypeID],[AlarmLogTypeID],[TypeDesc]) VALUES(120401,1204,N'未定义');
INSERT INTO [dbo].[TC_SubAlarmLogType]([TypeID],[AlarmLogTypeID],[TypeDesc]) VALUES(130101,1301,N'未定义');
INSERT INTO [dbo].[TC_SubAlarmLogType]([TypeID],[AlarmLogTypeID],[TypeDesc]) VALUES(130200,1302,N'未定义');
INSERT INTO [dbo].[TC_SubAlarmLogType]([TypeID],[AlarmLogTypeID],[TypeDesc]) VALUES(130301,1303,N'未定义');
INSERT INTO [dbo].[TC_SubAlarmLogType]([TypeID],[AlarmLogTypeID],[TypeDesc]) VALUES(150101,1501,N'未定义');
INSERT INTO [dbo].[TC_SubAlarmLogType]([TypeID],[AlarmLogTypeID],[TypeDesc]) VALUES(150201,1502,N'未定义');
INSERT INTO [dbo].[TC_SubAlarmLogType]([TypeID],[AlarmLogTypeID],[TypeDesc]) VALUES(150301,1503,N'未定义');
INSERT INTO [dbo].[TC_SubAlarmLogType]([TypeID],[AlarmLogTypeID],[TypeDesc]) VALUES(160101,1601,N'未定义');
INSERT INTO [dbo].[TC_SubAlarmLogType]([TypeID],[AlarmLogTypeID],[TypeDesc]) VALUES(160201,1602,N'未定义');
INSERT INTO [dbo].[TC_SubAlarmLogType]([TypeID],[AlarmLogTypeID],[TypeDesc]) VALUES(170101,1701,N'未定义');
INSERT INTO [dbo].[TC_SubAlarmLogType]([TypeID],[AlarmLogTypeID],[TypeDesc]) VALUES(170201,1702,N'未定义');
INSERT INTO [dbo].[TC_SubAlarmLogType]([TypeID],[AlarmLogTypeID],[TypeDesc]) VALUES(170301,1703,N'未定义');
INSERT INTO [dbo].[TC_SubAlarmLogType]([TypeID],[AlarmLogTypeID],[TypeDesc]) VALUES(170401,1704,N'未定义');
INSERT INTO [dbo].[TC_SubAlarmLogType]([TypeID],[AlarmLogTypeID],[TypeDesc]) VALUES(170501,1705,N'未定义');
INSERT INTO [dbo].[TC_SubAlarmLogType]([TypeID],[AlarmLogTypeID],[TypeDesc]) VALUES(170601,1706,N'未定义');
INSERT INTO [dbo].[TC_SubAlarmLogType]([TypeID],[AlarmLogTypeID],[TypeDesc]) VALUES(170701,1707,N'未定义');
INSERT INTO [dbo].[TC_SubAlarmLogType]([TypeID],[AlarmLogTypeID],[TypeDesc]) VALUES(700101,7001,N'未定义');
INSERT INTO [dbo].[TC_SubAlarmLogType]([TypeID],[AlarmLogTypeID],[TypeDesc]) VALUES(700201,7002,N'未定义');
INSERT INTO [dbo].[TC_SubAlarmLogType]([TypeID],[AlarmLogTypeID],[TypeDesc]) VALUES(700301,7003,N'未定义');
INSERT INTO [dbo].[TC_SubAlarmLogType]([TypeID],[AlarmLogTypeID],[TypeDesc]) VALUES(700401,7004,N'未定义');
INSERT INTO [dbo].[TC_SubAlarmLogType]([TypeID],[AlarmLogTypeID],[TypeDesc]) VALUES(700501,7005,N'未定义');
INSERT INTO [dbo].[TC_SubAlarmLogType]([TypeID],[AlarmLogTypeID],[TypeDesc]) VALUES(710101,7101,N'未定义');
INSERT INTO [dbo].[TC_SubAlarmLogType]([TypeID],[AlarmLogTypeID],[TypeDesc]) VALUES(710201,7102,N'未定义');
INSERT INTO [dbo].[TC_SubAlarmLogType]([TypeID],[AlarmLogTypeID],[TypeDesc]) VALUES(710301,7103,N'未定义');
INSERT INTO [dbo].[TC_SubAlarmLogType]([TypeID],[AlarmLogTypeID],[TypeDesc]) VALUES(720101,7201,N'未定义');
INSERT INTO [dbo].[TC_SubAlarmLogType]([TypeID],[AlarmLogTypeID],[TypeDesc]) VALUES(720201,7202,N'未定义');
INSERT INTO [dbo].[TC_SubAlarmLogType]([TypeID],[AlarmLogTypeID],[TypeDesc]) VALUES(730101,7301,N'未定义');
INSERT INTO [dbo].[TC_SubAlarmLogType]([TypeID],[AlarmLogTypeID],[TypeDesc]) VALUES(730201,7302,N'未定义');
INSERT INTO [dbo].[TC_SubAlarmLogType]([TypeID],[AlarmLogTypeID],[TypeDesc]) VALUES(730301,7303,N'未定义');
INSERT INTO [dbo].[TC_SubAlarmLogType]([TypeID],[AlarmLogTypeID],[TypeDesc]) VALUES(730401,7304,N'未定义');
INSERT INTO [dbo].[TC_SubAlarmLogType]([TypeID],[AlarmLogTypeID],[TypeDesc]) VALUES(740101,7401,N'未定义');
INSERT INTO [dbo].[TC_SubAlarmLogType]([TypeID],[AlarmLogTypeID],[TypeDesc]) VALUES(740201,7402,N'未定义');
INSERT INTO [dbo].[TC_SubAlarmLogType]([TypeID],[AlarmLogTypeID],[TypeDesc]) VALUES(740301,7403,N'未定义');
INSERT INTO [dbo].[TC_SubAlarmLogType]([TypeID],[AlarmLogTypeID],[TypeDesc]) VALUES(750101,7501,N'未定义');
INSERT INTO [dbo].[TC_SubAlarmLogType]([TypeID],[AlarmLogTypeID],[TypeDesc]) VALUES(750201,7502,N'未定义');
INSERT INTO [dbo].[TC_SubAlarmLogType]([TypeID],[AlarmLogTypeID],[TypeDesc]) VALUES(750301,7503,N'未定义');
INSERT INTO [dbo].[TC_SubAlarmLogType]([TypeID],[AlarmLogTypeID],[TypeDesc]) VALUES(750401,7504,N'未定义');
INSERT INTO [dbo].[TC_SubAlarmLogType]([TypeID],[AlarmLogTypeID],[TypeDesc]) VALUES(750501,7505,N'未定义');
INSERT INTO [dbo].[TC_SubAlarmLogType]([TypeID],[AlarmLogTypeID],[TypeDesc]) VALUES(760101,7601,N'未定义');
INSERT INTO [dbo].[TC_SubAlarmLogType]([TypeID],[AlarmLogTypeID],[TypeDesc]) VALUES(760201,7602,N'未定义');
INSERT INTO [dbo].[TC_SubAlarmLogType]([TypeID],[AlarmLogTypeID],[TypeDesc]) VALUES(760301,7603,N'未定义');
INSERT INTO [dbo].[TC_SubAlarmLogType]([TypeID],[AlarmLogTypeID],[TypeDesc]) VALUES(770101,7701,N'电源告警');
INSERT INTO [dbo].[TC_SubAlarmLogType]([TypeID],[AlarmLogTypeID],[TypeDesc]) VALUES(770102,7701,N'辅助告警');
INSERT INTO [dbo].[TC_SubAlarmLogType]([TypeID],[AlarmLogTypeID],[TypeDesc]) VALUES(770103,7701,N'风机告警');
INSERT INTO [dbo].[TC_SubAlarmLogType]([TypeID],[AlarmLogTypeID],[TypeDesc]) VALUES(780101,7801,N'未定义');
INSERT INTO [dbo].[TC_SubAlarmLogType]([TypeID],[AlarmLogTypeID],[TypeDesc]) VALUES(780201,7802,N'未定义');
GO

--■■■■■■■■■■■■■■■■■■■■■■■■■■■■■■■■■■■■■■■■■■■■■■■■■■■■■■■■■■■■■■■■■■■
--添加默认值[dbo].[TC_AlarmName]
TRUNCATE TABLE [dbo].[TC_AlarmName];
GO
INSERT INTO [dbo].[TC_AlarmName]([ID],[SubAlarmLogTypeID],[AlarmName],[AlarmInterpret],[AlarmVer],[AlarmLevel],[DevEffect],[OperEffect],[NMAlarmID],[AlarmClass]) VALUES(0,0,N'未定义',N'未定义',0,4,N'无影响',N'无影响',N'603-000-00-000000',N'设备告警');
INSERT INTO [dbo].[TC_AlarmName]([ID],[SubAlarmLogTypeID],[AlarmName],[AlarmInterpret],[AlarmVer],[AlarmLevel],[DevEffect],[OperEffect],[NMAlarmID],[AlarmClass]) VALUES(1001,10101,N'AB线电压过高告警',N'线电压Uab高于设定告警阈值',0,3,N'无影响',N'无影响',N'603-001-00-001001',N'设备告警');
INSERT INTO [dbo].[TC_AlarmName]([ID],[SubAlarmLogTypeID],[AlarmName],[AlarmInterpret],[AlarmVer],[AlarmLevel],[DevEffect],[OperEffect],[NMAlarmID],[AlarmClass]) VALUES(1002,10101,N'AB线电压过低告警',N'线电压Uab低于设定告警阈值',0,3,N'无影响',N'无影响',N'603-001-00-001002',N'设备告警');
INSERT INTO [dbo].[TC_AlarmName]([ID],[SubAlarmLogTypeID],[AlarmName],[AlarmInterpret],[AlarmVer],[AlarmLevel],[DevEffect],[OperEffect],[NMAlarmID],[AlarmClass]) VALUES(1003,10101,N'BC线电压过高告警',N'线电压Ubc高于设定告警阈值',0,3,N'无影响',N'无影响',N'603-001-00-001003',N'设备告警');
INSERT INTO [dbo].[TC_AlarmName]([ID],[SubAlarmLogTypeID],[AlarmName],[AlarmInterpret],[AlarmVer],[AlarmLevel],[DevEffect],[OperEffect],[NMAlarmID],[AlarmClass]) VALUES(1004,10101,N'BC线电压过低告警',N'线电压Ubc低于设定告警阈值',0,3,N'无影响',N'无影响',N'603-001-00-001004',N'设备告警');
INSERT INTO [dbo].[TC_AlarmName]([ID],[SubAlarmLogTypeID],[AlarmName],[AlarmInterpret],[AlarmVer],[AlarmLevel],[DevEffect],[OperEffect],[NMAlarmID],[AlarmClass]) VALUES(1005,10101,N'CA线电压过高告警',N'线电压Uca高于设定告警阈值',0,3,N'无影响',N'无影响',N'603-001-00-001005',N'设备告警');
INSERT INTO [dbo].[TC_AlarmName]([ID],[SubAlarmLogTypeID],[AlarmName],[AlarmInterpret],[AlarmVer],[AlarmLevel],[DevEffect],[OperEffect],[NMAlarmID],[AlarmClass]) VALUES(1006,10101,N'CA线电压过低告警',N'线电压Uca低于设定告警阈值',0,3,N'无影响',N'无影响',N'603-001-00-001006',N'设备告警');
INSERT INTO [dbo].[TC_AlarmName]([ID],[SubAlarmLogTypeID],[AlarmName],[AlarmInterpret],[AlarmVer],[AlarmLevel],[DevEffect],[OperEffect],[NMAlarmID],[AlarmClass]) VALUES(1007,10101,N'A相电流过大告警',N'A相电流大于设定告警阈值',0,4,N'无影响',N'无影响',N'603-001-00-001007',N'设备告警');
INSERT INTO [dbo].[TC_AlarmName]([ID],[SubAlarmLogTypeID],[AlarmName],[AlarmInterpret],[AlarmVer],[AlarmLevel],[DevEffect],[OperEffect],[NMAlarmID],[AlarmClass]) VALUES(1008,10101,N'B相电流过大告警',N'B相电流大于设定告警阈值',0,4,N'无影响',N'无影响',N'603-001-00-001008',N'设备告警');
INSERT INTO [dbo].[TC_AlarmName]([ID],[SubAlarmLogTypeID],[AlarmName],[AlarmInterpret],[AlarmVer],[AlarmLevel],[DevEffect],[OperEffect],[NMAlarmID],[AlarmClass]) VALUES(1009,10101,N'C相电流过大告警',N'C相电流大于设定告警阈值',0,4,N'无影响',N'无影响',N'603-001-00-001009',N'设备告警');
INSERT INTO [dbo].[TC_AlarmName]([ID],[SubAlarmLogTypeID],[AlarmName],[AlarmInterpret],[AlarmVer],[AlarmLevel],[DevEffect],[OperEffect],[NMAlarmID],[AlarmClass]) VALUES(1010,10101,N'零线电流过大告警',N'零序电流Io大于设定告警阈值',0,4,N'无影响',N'无影响',N'603-001-00-001010',N'设备告警');
INSERT INTO [dbo].[TC_AlarmName]([ID],[SubAlarmLogTypeID],[AlarmName],[AlarmInterpret],[AlarmVer],[AlarmLevel],[DevEffect],[OperEffect],[NMAlarmID],[AlarmClass]) VALUES(1011,10101,N'三相功率因数过低告警',N'三相功率因数低于设定告警阈值',0,3,N'无影响',N'无影响',N'603-001-00-001011',N'设备告警');
INSERT INTO [dbo].[TC_AlarmName]([ID],[SubAlarmLogTypeID],[AlarmName],[AlarmInterpret],[AlarmVer],[AlarmLevel],[DevEffect],[OperEffect],[NMAlarmID],[AlarmClass]) VALUES(1012,10101,N'频率过高告警',N'频率F高于设定告警阈值',0,3,N'无影响',N'无影响',N'603-001-00-001012',N'设备告警');
INSERT INTO [dbo].[TC_AlarmName]([ID],[SubAlarmLogTypeID],[AlarmName],[AlarmInterpret],[AlarmVer],[AlarmLevel],[DevEffect],[OperEffect],[NMAlarmID],[AlarmClass]) VALUES(1013,10101,N'频率过低告警',N'频率F低于设定告警阈值',0,3,N'无影响',N'无影响',N'603-001-00-001013',N'设备告警');
INSERT INTO [dbo].[TC_AlarmName]([ID],[SubAlarmLogTypeID],[AlarmName],[AlarmInterpret],[AlarmVer],[AlarmLevel],[DevEffect],[OperEffect],[NMAlarmID],[AlarmClass]) VALUES(1014,10101,N'失压跳闸信号告警',N'电网电压瞬间失压跳闸信号动作',0,3,N'无影响',N'无影响',N'603-001-00-001014',N'设备告警');
INSERT INTO [dbo].[TC_AlarmName]([ID],[SubAlarmLogTypeID],[AlarmName],[AlarmInterpret],[AlarmVer],[AlarmLevel],[DevEffect],[OperEffect],[NMAlarmID],[AlarmClass]) VALUES(1015,10101,N'绝缘下降告警',N'绝缘下降告警',0,4,N'无影响',N'无影响',N'603-001-00-001015',N'设备告警');
INSERT INTO [dbo].[TC_AlarmName]([ID],[SubAlarmLogTypeID],[AlarmName],[AlarmInterpret],[AlarmVer],[AlarmLevel],[DevEffect],[OperEffect],[NMAlarmID],[AlarmClass]) VALUES(1016,10101,N'保护电流I段跳闸保护动作告警',N'保护电流I段跳闸信号',0,3,N'无影响',N'无影响',N'603-001-00-001016',N'设备告警');
INSERT INTO [dbo].[TC_AlarmName]([ID],[SubAlarmLogTypeID],[AlarmName],[AlarmInterpret],[AlarmVer],[AlarmLevel],[DevEffect],[OperEffect],[NMAlarmID],[AlarmClass]) VALUES(1017,10101,N'保护电流II段跳闸保护动作告警',N'保护电流II段跳闸信号',0,3,N'无影响',N'无影响',N'603-001-00-001017',N'设备告警');
INSERT INTO [dbo].[TC_AlarmName]([ID],[SubAlarmLogTypeID],[AlarmName],[AlarmInterpret],[AlarmVer],[AlarmLevel],[DevEffect],[OperEffect],[NMAlarmID],[AlarmClass]) VALUES(1020,10201,N'超温告警',N'变压器超温信号',0,2,N'无影响',N'无影响',N'603-001-00-001020',N'设备告警');
INSERT INTO [dbo].[TC_AlarmName]([ID],[SubAlarmLogTypeID],[AlarmName],[AlarmInterpret],[AlarmVer],[AlarmLevel],[DevEffect],[OperEffect],[NMAlarmID],[AlarmClass]) VALUES(1021,10201,N'系统告警',N'变压器故障信号',0,2,N'无影响',N'无影响',N'603-001-00-001021',N'设备告警');
INSERT INTO [dbo].[TC_AlarmName]([ID],[SubAlarmLogTypeID],[AlarmName],[AlarmInterpret],[AlarmVer],[AlarmLevel],[DevEffect],[OperEffect],[NMAlarmID],[AlarmClass]) VALUES(1022,10201,N'超温跳闸告警',N'变压器跳闸信号',0,2,N'无影响',N'无影响',N'603-001-00-001022',N'设备告警');
INSERT INTO [dbo].[TC_AlarmName]([ID],[SubAlarmLogTypeID],[AlarmName],[AlarmInterpret],[AlarmVer],[AlarmLevel],[DevEffect],[OperEffect],[NMAlarmID],[AlarmClass]) VALUES(1030,10301,N'电压高告警',N'合母电压高于设定告警阈值',0,3,N'无影响',N'无影响',N'603-001-00-001030',N'设备告警');
INSERT INTO [dbo].[TC_AlarmName]([ID],[SubAlarmLogTypeID],[AlarmName],[AlarmInterpret],[AlarmVer],[AlarmLevel],[DevEffect],[OperEffect],[NMAlarmID],[AlarmClass]) VALUES(1031,10301,N'电压低告警',N'合母电压低于设定告警阈值',0,3,N'无影响',N'无影响',N'603-001-00-001031',N'设备告警');
INSERT INTO [dbo].[TC_AlarmName]([ID],[SubAlarmLogTypeID],[AlarmName],[AlarmInterpret],[AlarmVer],[AlarmLevel],[DevEffect],[OperEffect],[NMAlarmID],[AlarmClass]) VALUES(1034,10301,N'电池故障告警',N'电池故障状态',0,2,N'无影响',N'无影响',N'603-001-00-001034',N'设备告警');
INSERT INTO [dbo].[TC_AlarmName]([ID],[SubAlarmLogTypeID],[AlarmName],[AlarmInterpret],[AlarmVer],[AlarmLevel],[DevEffect],[OperEffect],[NMAlarmID],[AlarmClass]) VALUES(1035,10301,N'电池温度过高告警',N'电池温度高于设定告警阈值',0,3,N'无影响',N'无影响',N'603-001-00-001035',N'设备告警');
INSERT INTO [dbo].[TC_AlarmName]([ID],[SubAlarmLogTypeID],[AlarmName],[AlarmInterpret],[AlarmVer],[AlarmLevel],[DevEffect],[OperEffect],[NMAlarmID],[AlarmClass]) VALUES(1036,10301,N'直流告警',N'直流告警状态',0,2,N'无影响',N'无影响',N'603-001-00-001036',N'设备告警');
INSERT INTO [dbo].[TC_AlarmName]([ID],[SubAlarmLogTypeID],[AlarmName],[AlarmInterpret],[AlarmVer],[AlarmLevel],[DevEffect],[OperEffect],[NMAlarmID],[AlarmClass]) VALUES(1037,10301,N'交流停电告警',N'交流告警状态',0,2,N'无影响',N'无影响',N'603-001-00-001037',N'设备告警');
INSERT INTO [dbo].[TC_AlarmName]([ID],[SubAlarmLogTypeID],[AlarmName],[AlarmInterpret],[AlarmVer],[AlarmLevel],[DevEffect],[OperEffect],[NMAlarmID],[AlarmClass]) VALUES(1038,10301,N'整流模块故障告警',N'模块故障状态',0,3,N'无影响',N'无影响',N'603-001-00-001038',N'设备告警');
INSERT INTO [dbo].[TC_AlarmName]([ID],[SubAlarmLogTypeID],[AlarmName],[AlarmInterpret],[AlarmVer],[AlarmLevel],[DevEffect],[OperEffect],[NMAlarmID],[AlarmClass]) VALUES(2001,20101,N'A相电压过高告警',N'A相电压过高告警',0,3,N'无影响',N'无影响',N'603-002-00-002001',N'设备告警');
INSERT INTO [dbo].[TC_AlarmName]([ID],[SubAlarmLogTypeID],[AlarmName],[AlarmInterpret],[AlarmVer],[AlarmLevel],[DevEffect],[OperEffect],[NMAlarmID],[AlarmClass]) VALUES(2002,20101,N'A相电压过低告警',N'A相电压过低告警',0,3,N'无影响',N'无影响',N'603-002-00-002002',N'设备告警');
INSERT INTO [dbo].[TC_AlarmName]([ID],[SubAlarmLogTypeID],[AlarmName],[AlarmInterpret],[AlarmVer],[AlarmLevel],[DevEffect],[OperEffect],[NMAlarmID],[AlarmClass]) VALUES(2003,20101,N'B相电压过高告警',N'B相电压过高告警',0,3,N'无影响',N'无影响',N'603-002-00-002003',N'设备告警');
INSERT INTO [dbo].[TC_AlarmName]([ID],[SubAlarmLogTypeID],[AlarmName],[AlarmInterpret],[AlarmVer],[AlarmLevel],[DevEffect],[OperEffect],[NMAlarmID],[AlarmClass]) VALUES(2004,20101,N'B相电压过低告警',N'B相电压过低告警',0,3,N'无影响',N'无影响',N'603-002-00-002004',N'设备告警');
INSERT INTO [dbo].[TC_AlarmName]([ID],[SubAlarmLogTypeID],[AlarmName],[AlarmInterpret],[AlarmVer],[AlarmLevel],[DevEffect],[OperEffect],[NMAlarmID],[AlarmClass]) VALUES(2005,20101,N'C相电压过高告警',N'C相电压过高告警',0,3,N'无影响',N'无影响',N'603-002-00-002005',N'设备告警');
INSERT INTO [dbo].[TC_AlarmName]([ID],[SubAlarmLogTypeID],[AlarmName],[AlarmInterpret],[AlarmVer],[AlarmLevel],[DevEffect],[OperEffect],[NMAlarmID],[AlarmClass]) VALUES(2006,20101,N'C相电压过低告警',N'C相电压过低告警',0,3,N'无影响',N'无影响',N'603-002-00-002006',N'设备告警');
INSERT INTO [dbo].[TC_AlarmName]([ID],[SubAlarmLogTypeID],[AlarmName],[AlarmInterpret],[AlarmVer],[AlarmLevel],[DevEffect],[OperEffect],[NMAlarmID],[AlarmClass]) VALUES(2007,20101,N'A相电流过大告警',N'相电流Ia高于设定告警阈值,告警阈值以系统或线路容量',0,4,N'无影响',N'无影响',N'603-002-00-002007',N'设备告警');
INSERT INTO [dbo].[TC_AlarmName]([ID],[SubAlarmLogTypeID],[AlarmName],[AlarmInterpret],[AlarmVer],[AlarmLevel],[DevEffect],[OperEffect],[NMAlarmID],[AlarmClass]) VALUES(2008,20101,N'B相电流过大告警',N'相电流Ib高于设定告警阈值,告警阈值以系统或线路容量',0,4,N'无影响',N'无影响',N'603-002-00-002008',N'设备告警');
INSERT INTO [dbo].[TC_AlarmName]([ID],[SubAlarmLogTypeID],[AlarmName],[AlarmInterpret],[AlarmVer],[AlarmLevel],[DevEffect],[OperEffect],[NMAlarmID],[AlarmClass]) VALUES(2009,20101,N'C相电流过大告警',N'相电流Ic高于设定告警阈值,告警阈值以系统或线路容量',0,4,N'无影响',N'无影响',N'603-002-00-002009',N'设备告警');
INSERT INTO [dbo].[TC_AlarmName]([ID],[SubAlarmLogTypeID],[AlarmName],[AlarmInterpret],[AlarmVer],[AlarmLevel],[DevEffect],[OperEffect],[NMAlarmID],[AlarmClass]) VALUES(2010,20101,N'输入断电告警',N'市电输入断电告警',0,2,N'无影响',N'无影响',N'603-002-00-002010',N'设备告警');
INSERT INTO [dbo].[TC_AlarmName]([ID],[SubAlarmLogTypeID],[AlarmName],[AlarmInterpret],[AlarmVer],[AlarmLevel],[DevEffect],[OperEffect],[NMAlarmID],[AlarmClass]) VALUES(2011,20101,N'零线电流过大告警',N'零序电流Io高于设定告警阈值',0,2,N'无影响',N'无影响',N'603-002-00-002011',N'设备告警');
INSERT INTO [dbo].[TC_AlarmName]([ID],[SubAlarmLogTypeID],[AlarmName],[AlarmInterpret],[AlarmVer],[AlarmLevel],[DevEffect],[OperEffect],[NMAlarmID],[AlarmClass]) VALUES(2020,20201,N'功率因数过低告警',N'功率因数PF低于设定告警阈值',0,3,N'无影响',N'无影响',N'603-002-00-002020',N'设备告警');
INSERT INTO [dbo].[TC_AlarmName]([ID],[SubAlarmLogTypeID],[AlarmName],[AlarmInterpret],[AlarmVer],[AlarmLevel],[DevEffect],[OperEffect],[NMAlarmID],[AlarmClass]) VALUES(2021,20201,N'内部温度过高告警',N'内部温度高于设定告警阈值',0,2,N'无影响',N'无影响',N'603-002-00-002021',N'设备告警');
INSERT INTO [dbo].[TC_AlarmName]([ID],[SubAlarmLogTypeID],[AlarmName],[AlarmInterpret],[AlarmVer],[AlarmLevel],[DevEffect],[OperEffect],[NMAlarmID],[AlarmClass]) VALUES(2022,20201,N'风扇故障告警',N'风扇故障状态',0,3,N'无影响',N'无影响',N'603-002-00-002022',N'设备告警');
INSERT INTO [dbo].[TC_AlarmName]([ID],[SubAlarmLogTypeID],[AlarmName],[AlarmInterpret],[AlarmVer],[AlarmLevel],[DevEffect],[OperEffect],[NMAlarmID],[AlarmClass]) VALUES(2023,20201,N'电容补偿设备故障告警',N'电容补偿设备有故障报警',0,3,N'无影响',N'无影响',N'603-002-00-002023',N'设备告警');
INSERT INTO [dbo].[TC_AlarmName]([ID],[SubAlarmLogTypeID],[AlarmName],[AlarmInterpret],[AlarmVer],[AlarmLevel],[DevEffect],[OperEffect],[NMAlarmID],[AlarmClass]) VALUES(2030,20301,N'电压畸变过大告警',N'电压畸变高于设定告警阈值',0,4,N'无影响',N'无影响',N'603-002-00-002030',N'设备告警');
INSERT INTO [dbo].[TC_AlarmName]([ID],[SubAlarmLogTypeID],[AlarmName],[AlarmInterpret],[AlarmVer],[AlarmLevel],[DevEffect],[OperEffect],[NMAlarmID],[AlarmClass]) VALUES(2031,20301,N'电流畸变过大告警',N'电流畸变高于设定告警阈值',0,4,N'无影响',N'无影响',N'603-002-00-002031',N'设备告警');
INSERT INTO [dbo].[TC_AlarmName]([ID],[SubAlarmLogTypeID],[AlarmName],[AlarmInterpret],[AlarmVer],[AlarmLevel],[DevEffect],[OperEffect],[NMAlarmID],[AlarmClass]) VALUES(2032,20301,N'IGBT温度过高告警',N'IGBT温度高于设定告警阈值',0,2,N'无影响',N'无影响',N'603-002-00-002032',N'设备告警');
INSERT INTO [dbo].[TC_AlarmName]([ID],[SubAlarmLogTypeID],[AlarmName],[AlarmInterpret],[AlarmVer],[AlarmLevel],[DevEffect],[OperEffect],[NMAlarmID],[AlarmClass]) VALUES(2033,20301,N'控制器温度过高告警',N'控制器温度高于设定告警阈值',0,2,N'无影响',N'无影响',N'603-002-00-002033',N'设备告警');
INSERT INTO [dbo].[TC_AlarmName]([ID],[SubAlarmLogTypeID],[AlarmName],[AlarmInterpret],[AlarmVer],[AlarmLevel],[DevEffect],[OperEffect],[NMAlarmID],[AlarmClass]) VALUES(2034,20301,N'系统停止告警',N'系统停止',0,4,N'无影响',N'无影响',N'603-002-00-002034',N'设备告警');
INSERT INTO [dbo].[TC_AlarmName]([ID],[SubAlarmLogTypeID],[AlarmName],[AlarmInterpret],[AlarmVer],[AlarmLevel],[DevEffect],[OperEffect],[NMAlarmID],[AlarmClass]) VALUES(2035,20301,N'谐波抑制设备故障告警',N'系统故障',0,3,N'无影响',N'无影响',N'603-002-00-002035',N'设备告警');
INSERT INTO [dbo].[TC_AlarmName]([ID],[SubAlarmLogTypeID],[AlarmName],[AlarmInterpret],[AlarmVer],[AlarmLevel],[DevEffect],[OperEffect],[NMAlarmID],[AlarmClass]) VALUES(3001,30101,N'第一路交流输入中断告警',N'第一路交流输入中断告警',0,4,N'无影响',N'无影响',N'603-003-00-003001',N'设备告警');
INSERT INTO [dbo].[TC_AlarmName]([ID],[SubAlarmLogTypeID],[AlarmName],[AlarmInterpret],[AlarmVer],[AlarmLevel],[DevEffect],[OperEffect],[NMAlarmID],[AlarmClass]) VALUES(3002,30101,N'第二路交流输入中断告警',N'第二路交流输入中断告警',0,4,N'无影响',N'无影响',N'603-003-00-003002',N'设备告警');
INSERT INTO [dbo].[TC_AlarmName]([ID],[SubAlarmLogTypeID],[AlarmName],[AlarmInterpret],[AlarmVer],[AlarmLevel],[DevEffect],[OperEffect],[NMAlarmID],[AlarmClass]) VALUES(3003,30201,N'输出分路XX中断告警',N'输出分路XX中断告警',0,3,N'无影响',N'无影响',N'603-003-00-003003',N'设备告警');
INSERT INTO [dbo].[TC_AlarmName]([ID],[SubAlarmLogTypeID],[AlarmName],[AlarmInterpret],[AlarmVer],[AlarmLevel],[DevEffect],[OperEffect],[NMAlarmID],[AlarmClass]) VALUES(4001,40101,N'欠压告警',N'欠压告警',0,2,N'无影响',N'无影响',N'603-004-00-004001',N'设备告警');
INSERT INTO [dbo].[TC_AlarmName]([ID],[SubAlarmLogTypeID],[AlarmName],[AlarmInterpret],[AlarmVer],[AlarmLevel],[DevEffect],[OperEffect],[NMAlarmID],[AlarmClass]) VALUES(4002,40101,N'熔丝告警',N'熔丝告警',0,1,N'无影响',N'无影响',N'603-004-00-004002',N'设备告警');
INSERT INTO [dbo].[TC_AlarmName]([ID],[SubAlarmLogTypeID],[AlarmName],[AlarmInterpret],[AlarmVer],[AlarmLevel],[DevEffect],[OperEffect],[NMAlarmID],[AlarmClass]) VALUES(4003,40101,N'xx分路中断告警',N'xx分路中断告警',0,1,N'无影响',N'无影响',N'603-004-00-004003',N'设备告警');
INSERT INTO [dbo].[TC_AlarmName]([ID],[SubAlarmLogTypeID],[AlarmName],[AlarmInterpret],[AlarmVer],[AlarmLevel],[DevEffect],[OperEffect],[NMAlarmID],[AlarmClass]) VALUES(4004,40101,N'过压告警',N'过压告警',0,2,N'无影响',N'无影响',N'603-004-00-004004',N'设备告警');
INSERT INTO [dbo].[TC_AlarmName]([ID],[SubAlarmLogTypeID],[AlarmName],[AlarmInterpret],[AlarmVer],[AlarmLevel],[DevEffect],[OperEffect],[NMAlarmID],[AlarmClass]) VALUES(5001,50101,N'超速停机告警',N'油机转速过高导致保护停机',0,2,N'无影响',N'无影响',N'603-005-00-005001',N'设备告警');
INSERT INTO [dbo].[TC_AlarmName]([ID],[SubAlarmLogTypeID],[AlarmName],[AlarmInterpret],[AlarmVer],[AlarmLevel],[DevEffect],[OperEffect],[NMAlarmID],[AlarmClass]) VALUES(5002,50101,N'输出低电压停机告警',N'发电机组输出电压过低导致保护停机',0,2,N'无影响',N'无影响',N'603-005-00-005002',N'设备告警');
INSERT INTO [dbo].[TC_AlarmName]([ID],[SubAlarmLogTypeID],[AlarmName],[AlarmInterpret],[AlarmVer],[AlarmLevel],[DevEffect],[OperEffect],[NMAlarmID],[AlarmClass]) VALUES(5003,50101,N'高水温停机告警',N'油机冷却液温度过高导致保护停机',0,2,N'无影响',N'无影响',N'603-005-00-005003',N'设备告警');
INSERT INTO [dbo].[TC_AlarmName]([ID],[SubAlarmLogTypeID],[AlarmName],[AlarmInterpret],[AlarmVer],[AlarmLevel],[DevEffect],[OperEffect],[NMAlarmID],[AlarmClass]) VALUES(5004,50101,N'过载停机告警',N'发电机组输出过载导致保护停机',0,2,N'无影响',N'无影响',N'603-005-00-005004',N'设备告警');
INSERT INTO [dbo].[TC_AlarmName]([ID],[SubAlarmLogTypeID],[AlarmName],[AlarmInterpret],[AlarmVer],[AlarmLevel],[DevEffect],[OperEffect],[NMAlarmID],[AlarmClass]) VALUES(5005,50101,N'紧急停机告警',N'发电机组的紧急停机按钮被按下',0,2,N'无影响',N'无影响',N'603-005-00-005005',N'设备告警');
INSERT INTO [dbo].[TC_AlarmName]([ID],[SubAlarmLogTypeID],[AlarmName],[AlarmInterpret],[AlarmVer],[AlarmLevel],[DevEffect],[OperEffect],[NMAlarmID],[AlarmClass]) VALUES(5006,50101,N'冷却剂泄漏停机告警',N'油机冷却液位过低导致保护停机',0,2,N'无影响',N'无影响',N'603-005-00-005006',N'设备告警');
INSERT INTO [dbo].[TC_AlarmName]([ID],[SubAlarmLogTypeID],[AlarmName],[AlarmInterpret],[AlarmVer],[AlarmLevel],[DevEffect],[OperEffect],[NMAlarmID],[AlarmClass]) VALUES(5010,50201,N'低油温告警',N'油机润滑油温度过低告警',0,3,N'无影响',N'无影响',N'603-005-00-005010',N'设备告警');
INSERT INTO [dbo].[TC_AlarmName]([ID],[SubAlarmLogTypeID],[AlarmName],[AlarmInterpret],[AlarmVer],[AlarmLevel],[DevEffect],[OperEffect],[NMAlarmID],[AlarmClass]) VALUES(5011,50201,N'低油压告警',N'油机润滑油压力过低告警',0,3,N'无影响',N'无影响',N'603-005-00-005011',N'设备告警');
INSERT INTO [dbo].[TC_AlarmName]([ID],[SubAlarmLogTypeID],[AlarmName],[AlarmInterpret],[AlarmVer],[AlarmLevel],[DevEffect],[OperEffect],[NMAlarmID],[AlarmClass]) VALUES(5012,50201,N'高温告警',N'油机冷却液温度超过设定告警阈值',0,3,N'无影响',N'无影响',N'603-005-00-005012',N'设备告警');
INSERT INTO [dbo].[TC_AlarmName]([ID],[SubAlarmLogTypeID],[AlarmName],[AlarmInterpret],[AlarmVer],[AlarmLevel],[DevEffect],[OperEffect],[NMAlarmID],[AlarmClass]) VALUES(5013,50201,N'水温低告警',N'水温低告警',0,4,N'无影响',N'无影响',N'603-005-00-005013',N'设备告警');
INSERT INTO [dbo].[TC_AlarmName]([ID],[SubAlarmLogTypeID],[AlarmName],[AlarmInterpret],[AlarmVer],[AlarmLevel],[DevEffect],[OperEffect],[NMAlarmID],[AlarmClass]) VALUES(5015,50201,N'启动失败故障告警',N'启动失败故障',0,2,N'无影响',N'无影响',N'603-005-00-005015',N'设备告警');
INSERT INTO [dbo].[TC_AlarmName]([ID],[SubAlarmLogTypeID],[AlarmName],[AlarmInterpret],[AlarmVer],[AlarmLevel],[DevEffect],[OperEffect],[NMAlarmID],[AlarmClass]) VALUES(5016,50201,N'控制系统告警',N'发电机组控制系统故障告警',0,3,N'无影响',N'无影响',N'603-005-00-005016',N'设备告警');
INSERT INTO [dbo].[TC_AlarmName]([ID],[SubAlarmLogTypeID],[AlarmName],[AlarmInterpret],[AlarmVer],[AlarmLevel],[DevEffect],[OperEffect],[NMAlarmID],[AlarmClass]) VALUES(5020,50301,N'进排风风门告警',N'风门未关，设备故障等',0,4,N'无影响',N'无影响',N'603-005-00-005020',N'设备告警');
INSERT INTO [dbo].[TC_AlarmName]([ID],[SubAlarmLogTypeID],[AlarmName],[AlarmInterpret],[AlarmVer],[AlarmLevel],[DevEffect],[OperEffect],[NMAlarmID],[AlarmClass]) VALUES(5021,50301,N'启动电池电压低告警',N'启动电池电压低',0,4,N'无影响',N'无影响',N'603-005-00-005021',N'设备告警');
INSERT INTO [dbo].[TC_AlarmName]([ID],[SubAlarmLogTypeID],[AlarmName],[AlarmInterpret],[AlarmVer],[AlarmLevel],[DevEffect],[OperEffect],[NMAlarmID],[AlarmClass]) VALUES(5022,50301,N'充电器故障告警',N'充电器故障告警',0,3,N'无影响',N'无影响',N'603-005-00-005022',N'设备告警');
INSERT INTO [dbo].[TC_AlarmName]([ID],[SubAlarmLogTypeID],[AlarmName],[AlarmInterpret],[AlarmVer],[AlarmLevel],[DevEffect],[OperEffect],[NMAlarmID],[AlarmClass]) VALUES(5023,50301,N'燃油油位低告警',N'燃油液位低',0,4,N'无影响',N'无影响',N'603-005-00-005023',N'设备告警');
INSERT INTO [dbo].[TC_AlarmName]([ID],[SubAlarmLogTypeID],[AlarmName],[AlarmInterpret],[AlarmVer],[AlarmLevel],[DevEffect],[OperEffect],[NMAlarmID],[AlarmClass]) VALUES(5030,50401,N'输出电压高告警',N'输出电压高',0,3,N'无影响',N'无影响',N'603-005-00-005030',N'设备告警');
INSERT INTO [dbo].[TC_AlarmName]([ID],[SubAlarmLogTypeID],[AlarmName],[AlarmInterpret],[AlarmVer],[AlarmLevel],[DevEffect],[OperEffect],[NMAlarmID],[AlarmClass]) VALUES(5031,50401,N'输出电压低告警',N'输出电压低',0,3,N'无影响',N'无影响',N'603-005-00-005031',N'设备告警');
INSERT INTO [dbo].[TC_AlarmName]([ID],[SubAlarmLogTypeID],[AlarmName],[AlarmInterpret],[AlarmVer],[AlarmLevel],[DevEffect],[OperEffect],[NMAlarmID],[AlarmClass]) VALUES(5032,50401,N'输出过载告警',N'输出过载告警',0,2,N'无影响',N'无影响',N'603-005-00-005032',N'设备告警');
INSERT INTO [dbo].[TC_AlarmName]([ID],[SubAlarmLogTypeID],[AlarmName],[AlarmInterpret],[AlarmVer],[AlarmLevel],[DevEffect],[OperEffect],[NMAlarmID],[AlarmClass]) VALUES(5033,50401,N'输出频率高告警',N'输出频率高',0,3,N'无影响',N'无影响',N'603-005-00-005033',N'设备告警');
INSERT INTO [dbo].[TC_AlarmName]([ID],[SubAlarmLogTypeID],[AlarmName],[AlarmInterpret],[AlarmVer],[AlarmLevel],[DevEffect],[OperEffect],[NMAlarmID],[AlarmClass]) VALUES(5034,50401,N'输出频率低告警',N'输出频率低',0,3,N'无影响',N'无影响',N'603-005-00-005034',N'设备告警');
INSERT INTO [dbo].[TC_AlarmName]([ID],[SubAlarmLogTypeID],[AlarmName],[AlarmInterpret],[AlarmVer],[AlarmLevel],[DevEffect],[OperEffect],[NMAlarmID],[AlarmClass]) VALUES(5104,50201,N'低水位告警',N'低水位告警',0,2,N'无影响',N'无影响',N'603-005-00-005104',N'设备告警');
INSERT INTO [dbo].[TC_AlarmName]([ID],[SubAlarmLogTypeID],[AlarmName],[AlarmInterpret],[AlarmVer],[AlarmLevel],[DevEffect],[OperEffect],[NMAlarmID],[AlarmClass]) VALUES(6001,60101,N'电池熔丝故障告警',N'电池熔丝故障告警',0,1,N'无影响',N'无影响',N'603-006-00-006001',N'设备告警');
INSERT INTO [dbo].[TC_AlarmName]([ID],[SubAlarmLogTypeID],[AlarmName],[AlarmInterpret],[AlarmVer],[AlarmLevel],[DevEffect],[OperEffect],[NMAlarmID],[AlarmClass]) VALUES(6002,60101,N'电池充电过流告警',N'电池XX充电过流告警状态',0,3,N'无影响',N'无影响',N'603-006-00-006002',N'设备告警');
INSERT INTO [dbo].[TC_AlarmName]([ID],[SubAlarmLogTypeID],[AlarmName],[AlarmInterpret],[AlarmVer],[AlarmLevel],[DevEffect],[OperEffect],[NMAlarmID],[AlarmClass]) VALUES(6003,60101,N'电池组温度过高告警',N'电池组XX#温度高于设定告警阈值',0,3,N'无影响',N'无影响',N'603-006-00-006003',N'设备告警');
INSERT INTO [dbo].[TC_AlarmName]([ID],[SubAlarmLogTypeID],[AlarmName],[AlarmInterpret],[AlarmVer],[AlarmLevel],[DevEffect],[OperEffect],[NMAlarmID],[AlarmClass]) VALUES(6004,60101,N'电池放电不平衡告警',N'电池放电不平衡(1组<2组\(1组>2组))',0,4,N'无影响',N'无影响',N'603-006-00-006004',N'设备告警');
INSERT INTO [dbo].[TC_AlarmName]([ID],[SubAlarmLogTypeID],[AlarmName],[AlarmInterpret],[AlarmVer],[AlarmLevel],[DevEffect],[OperEffect],[NMAlarmID],[AlarmClass]) VALUES(6010,60201,N'负载电流过高告警',N'遥测值,若负载总电流高于设定告警阈值',0,4,N'无影响',N'无影响',N'603-006-00-006010',N'设备告警');
INSERT INTO [dbo].[TC_AlarmName]([ID],[SubAlarmLogTypeID],[AlarmName],[AlarmInterpret],[AlarmVer],[AlarmLevel],[DevEffect],[OperEffect],[NMAlarmID],[AlarmClass]) VALUES(6011,60201,N'负载熔丝故障告警',N'负载熔丝或空开故障,引起负载供电中断',0,1,N'无影响',N'无影响',N'603-006-00-006011',N'设备告警');
INSERT INTO [dbo].[TC_AlarmName]([ID],[SubAlarmLogTypeID],[AlarmName],[AlarmInterpret],[AlarmVer],[AlarmLevel],[DevEffect],[OperEffect],[NMAlarmID],[AlarmClass]) VALUES(6012,60201,N'直流输出电压过低告警',N'输出电压过低告警,',0,1,N'无影响',N'无影响',N'603-006-00-006012',N'设备告警');
INSERT INTO [dbo].[TC_AlarmName]([ID],[SubAlarmLogTypeID],[AlarmName],[AlarmInterpret],[AlarmVer],[AlarmLevel],[DevEffect],[OperEffect],[NMAlarmID],[AlarmClass]) VALUES(6013,60201,N'直流输出电压过高告警',N'输出电压过高告警',0,2,N'无影响',N'无影响',N'603-006-00-006013',N'设备告警');
INSERT INTO [dbo].[TC_AlarmName]([ID],[SubAlarmLogTypeID],[AlarmName],[AlarmInterpret],[AlarmVer],[AlarmLevel],[DevEffect],[OperEffect],[NMAlarmID],[AlarmClass]) VALUES(6014,60201,N'直流屏通讯中断告警',N'直流屏通讯中断告警状态',0,2,N'无影响',N'无影响',N'603-006-00-006014',N'设备告警');
INSERT INTO [dbo].[TC_AlarmName]([ID],[SubAlarmLogTypeID],[AlarmName],[AlarmInterpret],[AlarmVer],[AlarmLevel],[DevEffect],[OperEffect],[NMAlarmID],[AlarmClass]) VALUES(6015,60201,N'监控模块故障告警',N'监控模块故障告警',0,2,N'无影响',N'无影响',N'603-006-00-006015',N'设备告警');
INSERT INTO [dbo].[TC_AlarmName]([ID],[SubAlarmLogTypeID],[AlarmName],[AlarmInterpret],[AlarmVer],[AlarmLevel],[DevEffect],[OperEffect],[NMAlarmID],[AlarmClass]) VALUES(6016,60201,N'浮充电压低告警',N'实际浮充电压低于设置值告警',0,4,N'无影响',N'无影响',N'603-006-00-006016',N'设备告警');
INSERT INTO [dbo].[TC_AlarmName]([ID],[SubAlarmLogTypeID],[AlarmName],[AlarmInterpret],[AlarmVer],[AlarmLevel],[DevEffect],[OperEffect],[NMAlarmID],[AlarmClass]) VALUES(6017,60201,N'浮充电压高告警',N'实际浮充电压高于设置值告警',0,4,N'无影响',N'无影响',N'603-006-00-006017',N'设备告警');
INSERT INTO [dbo].[TC_AlarmName]([ID],[SubAlarmLogTypeID],[AlarmName],[AlarmInterpret],[AlarmVer],[AlarmLevel],[DevEffect],[OperEffect],[NMAlarmID],[AlarmClass]) VALUES(6020,60301,N'输出中断告警',N'输出中断告警',0,1,N'无影响',N'无影响',N'603-006-00-006020',N'设备告警');
INSERT INTO [dbo].[TC_AlarmName]([ID],[SubAlarmLogTypeID],[AlarmName],[AlarmInterpret],[AlarmVer],[AlarmLevel],[DevEffect],[OperEffect],[NMAlarmID],[AlarmClass]) VALUES(6021,60301,N'输出电压低告警',N'输出电压低告警',0,2,N'无影响',N'无影响',N'603-006-00-006021',N'设备告警');
INSERT INTO [dbo].[TC_AlarmName]([ID],[SubAlarmLogTypeID],[AlarmName],[AlarmInterpret],[AlarmVer],[AlarmLevel],[DevEffect],[OperEffect],[NMAlarmID],[AlarmClass]) VALUES(6022,60301,N'输出电压高告警',N'输出电压高告警',0,3,N'无影响',N'无影响',N'603-006-00-006022',N'设备告警');
INSERT INTO [dbo].[TC_AlarmName]([ID],[SubAlarmLogTypeID],[AlarmName],[AlarmInterpret],[AlarmVer],[AlarmLevel],[DevEffect],[OperEffect],[NMAlarmID],[AlarmClass]) VALUES(6030,60401,N'交流缺相告警',N'交流缺相',0,2,N'无影响',N'无影响',N'603-006-00-006030',N'设备告警');
INSERT INTO [dbo].[TC_AlarmName]([ID],[SubAlarmLogTypeID],[AlarmName],[AlarmInterpret],[AlarmVer],[AlarmLevel],[DevEffect],[OperEffect],[NMAlarmID],[AlarmClass]) VALUES(6031,60401,N'交流输入故障告警',N'交流输入故障或输入空开跳',0,2,N'无影响',N'无影响',N'603-006-00-006031',N'设备告警');
INSERT INTO [dbo].[TC_AlarmName]([ID],[SubAlarmLogTypeID],[AlarmName],[AlarmInterpret],[AlarmVer],[AlarmLevel],[DevEffect],[OperEffect],[NMAlarmID],[AlarmClass]) VALUES(6032,60401,N'交流输入频率告警',N'交流输入频率告警',0,3,N'无影响',N'无影响',N'603-006-00-006032',N'设备告警');
INSERT INTO [dbo].[TC_AlarmName]([ID],[SubAlarmLogTypeID],[AlarmName],[AlarmInterpret],[AlarmVer],[AlarmLevel],[DevEffect],[OperEffect],[NMAlarmID],[AlarmClass]) VALUES(6033,60401,N'市电切换失败故障告警',N'市电切换失败故障告警状态',0,2,N'无影响',N'无影响',N'603-006-00-006033',N'设备告警');
INSERT INTO [dbo].[TC_AlarmName]([ID],[SubAlarmLogTypeID],[AlarmName],[AlarmInterpret],[AlarmVer],[AlarmLevel],[DevEffect],[OperEffect],[NMAlarmID],[AlarmClass]) VALUES(6034,60401,N'防雷器空开断开告警',N'防雷器空开断开',0,3,N'无影响',N'无影响',N'603-006-00-006034',N'设备告警');
INSERT INTO [dbo].[TC_AlarmName]([ID],[SubAlarmLogTypeID],[AlarmName],[AlarmInterpret],[AlarmVer],[AlarmLevel],[DevEffect],[OperEffect],[NMAlarmID],[AlarmClass]) VALUES(6035,60401,N'防雷器故障告警',N'交流防雷器断故障告警状态',0,3,N'无影响',N'无影响',N'603-006-00-006035',N'设备告警');
INSERT INTO [dbo].[TC_AlarmName]([ID],[SubAlarmLogTypeID],[AlarmName],[AlarmInterpret],[AlarmVer],[AlarmLevel],[DevEffect],[OperEffect],[NMAlarmID],[AlarmClass]) VALUES(6036,60401,N'交流屏通讯中断告警',N'交流屏通讯中断告警',0,3,N'无影响',N'无影响',N'603-006-00-006036',N'设备告警');
INSERT INTO [dbo].[TC_AlarmName]([ID],[SubAlarmLogTypeID],[AlarmName],[AlarmInterpret],[AlarmVer],[AlarmLevel],[DevEffect],[OperEffect],[NMAlarmID],[AlarmClass]) VALUES(6040,60501,N'模块故障告警',N'模块XX故障告警状态',0,2,N'无影响',N'无影响',N'603-006-00-006040',N'设备告警');
INSERT INTO [dbo].[TC_AlarmName]([ID],[SubAlarmLogTypeID],[AlarmName],[AlarmInterpret],[AlarmVer],[AlarmLevel],[DevEffect],[OperEffect],[NMAlarmID],[AlarmClass]) VALUES(6041,60501,N'模块XX风扇告警',N'模块XX风扇告警',0,3,N'无影响',N'无影响',N'603-006-00-006041',N'设备告警');
INSERT INTO [dbo].[TC_AlarmName]([ID],[SubAlarmLogTypeID],[AlarmName],[AlarmInterpret],[AlarmVer],[AlarmLevel],[DevEffect],[OperEffect],[NMAlarmID],[AlarmClass]) VALUES(6042,60501,N'整流模块过压关机告警',N'整流模块过压关机告警',0,2,N'无影响',N'无影响',N'603-006-00-006042',N'设备告警');
INSERT INTO [dbo].[TC_AlarmName]([ID],[SubAlarmLogTypeID],[AlarmName],[AlarmInterpret],[AlarmVer],[AlarmLevel],[DevEffect],[OperEffect],[NMAlarmID],[AlarmClass]) VALUES(6043,60501,N'模块过温告警',N'模块XX过温告警状态',0,2,N'无影响',N'无影响',N'603-006-00-006043',N'设备告警');
INSERT INTO [dbo].[TC_AlarmName]([ID],[SubAlarmLogTypeID],[AlarmName],[AlarmInterpret],[AlarmVer],[AlarmLevel],[DevEffect],[OperEffect],[NMAlarmID],[AlarmClass]) VALUES(6044,60501,N'模块通讯告警',N'模块XX通讯中断告警状态',0,3,N'无影响',N'无影响',N'603-006-00-006044',N'设备告警');
INSERT INTO [dbo].[TC_AlarmName]([ID],[SubAlarmLogTypeID],[AlarmName],[AlarmInterpret],[AlarmVer],[AlarmLevel],[DevEffect],[OperEffect],[NMAlarmID],[AlarmClass]) VALUES(7001,70101,N'电池组总电压过高告警',N'蓄电池组总电压高于设定告警阈值',0,2,N'无影响',N'无影响',N'603-007-00-007001',N'设备告警');
INSERT INTO [dbo].[TC_AlarmName]([ID],[SubAlarmLogTypeID],[AlarmName],[AlarmInterpret],[AlarmVer],[AlarmLevel],[DevEffect],[OperEffect],[NMAlarmID],[AlarmClass]) VALUES(7002,70101,N'电池组总电压过低告警',N'蓄电池组总电压低于设定告警阈值',0,2,N'无影响',N'无影响',N'603-007-00-007002',N'设备告警');
INSERT INTO [dbo].[TC_AlarmName]([ID],[SubAlarmLogTypeID],[AlarmName],[AlarmInterpret],[AlarmVer],[AlarmLevel],[DevEffect],[OperEffect],[NMAlarmID],[AlarmClass]) VALUES(7003,70101,N'电池组标示XX温度过高告警',N'电池组温度高于设定告警阈值',0,3,N'无影响',N'无影响',N'603-007-00-007003',N'设备告警');
INSERT INTO [dbo].[TC_AlarmName]([ID],[SubAlarmLogTypeID],[AlarmName],[AlarmInterpret],[AlarmVer],[AlarmLevel],[DevEffect],[OperEffect],[NMAlarmID],[AlarmClass]) VALUES(7004,70101,N'电池单体XX电压过高告警',N'XX#单体电压高于设定告警阈值',0,4,N'无影响',N'无影响',N'603-007-00-007004',N'设备告警');
INSERT INTO [dbo].[TC_AlarmName]([ID],[SubAlarmLogTypeID],[AlarmName],[AlarmInterpret],[AlarmVer],[AlarmLevel],[DevEffect],[OperEffect],[NMAlarmID],[AlarmClass]) VALUES(7005,70101,N'电池单体XX电压过低告警',N'XX#单体电压低于设定告警阈值',0,4,N'无影响',N'无影响',N'603-007-00-007005',N'设备告警');
INSERT INTO [dbo].[TC_AlarmName]([ID],[SubAlarmLogTypeID],[AlarmName],[AlarmInterpret],[AlarmVer],[AlarmLevel],[DevEffect],[OperEffect],[NMAlarmID],[AlarmClass]) VALUES(8001,80101,N'输入中断告警',N'交流输入中断',0,3,N'无影响',N'无影响',N'603-008-00-008001',N'设备告警');
INSERT INTO [dbo].[TC_AlarmName]([ID],[SubAlarmLogTypeID],[AlarmName],[AlarmInterpret],[AlarmVer],[AlarmLevel],[DevEffect],[OperEffect],[NMAlarmID],[AlarmClass]) VALUES(8002,80101,N'输入电压超限告警',N'交流输入电压超过设定阈值',0,3,N'无影响',N'无影响',N'603-008-00-008002',N'设备告警');
INSERT INTO [dbo].[TC_AlarmName]([ID],[SubAlarmLogTypeID],[AlarmName],[AlarmInterpret],[AlarmVer],[AlarmLevel],[DevEffect],[OperEffect],[NMAlarmID],[AlarmClass]) VALUES(8003,80101,N'输入电压超限告警',N'交流输入电压低于设定阈值',0,3,N'无影响',N'无影响',N'603-008-00-008003',N'设备告警');
INSERT INTO [dbo].[TC_AlarmName]([ID],[SubAlarmLogTypeID],[AlarmName],[AlarmInterpret],[AlarmVer],[AlarmLevel],[DevEffect],[OperEffect],[NMAlarmID],[AlarmClass]) VALUES(8004,80101,N'输入频率超限告警',N'交流输入频率超过设定阈值范围',0,3,N'无影响',N'无影响',N'603-008-00-008004',N'设备告警');
INSERT INTO [dbo].[TC_AlarmName]([ID],[SubAlarmLogTypeID],[AlarmName],[AlarmInterpret],[AlarmVer],[AlarmLevel],[DevEffect],[OperEffect],[NMAlarmID],[AlarmClass]) VALUES(8010,80201,N'输出电压超限告警',N'输出电压超过设定阈值',0,3,N'无影响',N'无影响',N'603-008-00-008010',N'设备告警');
INSERT INTO [dbo].[TC_AlarmName]([ID],[SubAlarmLogTypeID],[AlarmName],[AlarmInterpret],[AlarmVer],[AlarmLevel],[DevEffect],[OperEffect],[NMAlarmID],[AlarmClass]) VALUES(8011,80201,N'输出电压超限告警',N'输出电压低于设定阈值',0,2,N'无影响',N'无影响',N'603-008-00-008011',N'设备告警');
INSERT INTO [dbo].[TC_AlarmName]([ID],[SubAlarmLogTypeID],[AlarmName],[AlarmInterpret],[AlarmVer],[AlarmLevel],[DevEffect],[OperEffect],[NMAlarmID],[AlarmClass]) VALUES(8012,80201,N'输出中断告警',N'输出中断告警',0,1,N'无影响',N'无影响',N'603-008-00-008012',N'设备告警');
INSERT INTO [dbo].[TC_AlarmName]([ID],[SubAlarmLogTypeID],[AlarmName],[AlarmInterpret],[AlarmVer],[AlarmLevel],[DevEffect],[OperEffect],[NMAlarmID],[AlarmClass]) VALUES(8013,80201,N'输出频率超限告警',N'输出频率超过设定阈值范围',0,3,N'无影响',N'无影响',N'603-008-00-008013',N'设备告警');
INSERT INTO [dbo].[TC_AlarmName]([ID],[SubAlarmLogTypeID],[AlarmName],[AlarmInterpret],[AlarmVer],[AlarmLevel],[DevEffect],[OperEffect],[NMAlarmID],[AlarmClass]) VALUES(8014,80201,N'输出电流过载告警',N'输出电流超过设备额定容量',0,3,N'无影响',N'无影响',N'603-008-00-008014',N'设备告警');
INSERT INTO [dbo].[TC_AlarmName]([ID],[SubAlarmLogTypeID],[AlarmName],[AlarmInterpret],[AlarmVer],[AlarmLevel],[DevEffect],[OperEffect],[NMAlarmID],[AlarmClass]) VALUES(8020,80301,N'旁路故障告警',N'旁路开关发生故障跳闸',0,3,N'无影响',N'无影响',N'603-008-00-008020',N'设备告警');
INSERT INTO [dbo].[TC_AlarmName]([ID],[SubAlarmLogTypeID],[AlarmName],[AlarmInterpret],[AlarmVer],[AlarmLevel],[DevEffect],[OperEffect],[NMAlarmID],[AlarmClass]) VALUES(8021,80301,N'旁路不可用告警',N'旁路电源指标超过设备设定阈值范围导致旁路跳转功能被锁止',0,3,N'无影响',N'无影响',N'603-008-00-008021',N'设备告警');
INSERT INTO [dbo].[TC_AlarmName]([ID],[SubAlarmLogTypeID],[AlarmName],[AlarmInterpret],[AlarmVer],[AlarmLevel],[DevEffect],[OperEffect],[NMAlarmID],[AlarmClass]) VALUES(8022,80301,N'旁路不可用告警',N'旁路频率超限告警',0,3,N'无影响',N'无影响',N'603-008-00-008022',N'设备告警');
INSERT INTO [dbo].[TC_AlarmName]([ID],[SubAlarmLogTypeID],[AlarmName],[AlarmInterpret],[AlarmVer],[AlarmLevel],[DevEffect],[OperEffect],[NMAlarmID],[AlarmClass]) VALUES(8023,80301,N'旁路运行状态告警',N'UPS处于旁路运行状态',0,3,N'无影响',N'无影响',N'603-008-00-008023',N'设备告警');
INSERT INTO [dbo].[TC_AlarmName]([ID],[SubAlarmLogTypeID],[AlarmName],[AlarmInterpret],[AlarmVer],[AlarmLevel],[DevEffect],[OperEffect],[NMAlarmID],[AlarmClass]) VALUES(8030,80401,N'整流器故障告警',N'整流器发生故障',0,3,N'无影响',N'无影响',N'603-008-00-008030',N'设备告警');
INSERT INTO [dbo].[TC_AlarmName]([ID],[SubAlarmLogTypeID],[AlarmName],[AlarmInterpret],[AlarmVer],[AlarmLevel],[DevEffect],[OperEffect],[NMAlarmID],[AlarmClass]) VALUES(8031,80501,N'逆变器交流电压超限告警',N'逆变器交流电压过高告警',0,2,N'无影响',N'无影响',N'603-008-00-008031',N'设备告警');
INSERT INTO [dbo].[TC_AlarmName]([ID],[SubAlarmLogTypeID],[AlarmName],[AlarmInterpret],[AlarmVer],[AlarmLevel],[DevEffect],[OperEffect],[NMAlarmID],[AlarmClass]) VALUES(8032,80501,N'逆变器交流电压超限告警',N'逆变器交流电压过低告警',0,2,N'无影响',N'无影响',N'603-008-00-008032',N'设备告警');
INSERT INTO [dbo].[TC_AlarmName]([ID],[SubAlarmLogTypeID],[AlarmName],[AlarmInterpret],[AlarmVer],[AlarmLevel],[DevEffect],[OperEffect],[NMAlarmID],[AlarmClass]) VALUES(8033,80501,N'逆变器频率超限告警',N'逆变器频率超限告警',0,3,N'无影响',N'无影响',N'603-008-00-008033',N'设备告警');
INSERT INTO [dbo].[TC_AlarmName]([ID],[SubAlarmLogTypeID],[AlarmName],[AlarmInterpret],[AlarmVer],[AlarmLevel],[DevEffect],[OperEffect],[NMAlarmID],[AlarmClass]) VALUES(8034,80501,N'逆变器故障告警',N'逆变器发生故障，关断',0,3,N'无影响',N'无影响',N'603-008-00-008034',N'设备告警');
INSERT INTO [dbo].[TC_AlarmName]([ID],[SubAlarmLogTypeID],[AlarmName],[AlarmInterpret],[AlarmVer],[AlarmLevel],[DevEffect],[OperEffect],[NMAlarmID],[AlarmClass]) VALUES(8040,80601,N'风扇故障告警',N'风扇故障告警',0,3,N'无影响',N'无影响',N'603-008-00-008040',N'设备告警');
INSERT INTO [dbo].[TC_AlarmName]([ID],[SubAlarmLogTypeID],[AlarmName],[AlarmInterpret],[AlarmVer],[AlarmLevel],[DevEffect],[OperEffect],[NMAlarmID],[AlarmClass]) VALUES(8041,80601,N'电池电压低告警',N'放电过程中后备电池组总电压低于设定阈值',0,3,N'无影响',N'无影响',N'603-008-00-008041',N'设备告警');
INSERT INTO [dbo].[TC_AlarmName]([ID],[SubAlarmLogTypeID],[AlarmName],[AlarmInterpret],[AlarmVer],[AlarmLevel],[DevEffect],[OperEffect],[NMAlarmID],[AlarmClass]) VALUES(8042,80601,N'温度过高告警',N'设备整流器、逆变器、变压器等功率器件运行温度超过设定阈值',0,3,N'无影响',N'无影响',N'603-008-00-008042',N'设备告警');
INSERT INTO [dbo].[TC_AlarmName]([ID],[SubAlarmLogTypeID],[AlarmName],[AlarmInterpret],[AlarmVer],[AlarmLevel],[DevEffect],[OperEffect],[NMAlarmID],[AlarmClass]) VALUES(8043,80601,N'即将停机告警',N'电池电压低告警',0,3,N'无影响',N'无影响',N'603-008-00-008043',N'设备告警');
INSERT INTO [dbo].[TC_AlarmName]([ID],[SubAlarmLogTypeID],[AlarmName],[AlarmInterpret],[AlarmVer],[AlarmLevel],[DevEffect],[OperEffect],[NMAlarmID],[AlarmClass]) VALUES(8044,80601,N'温感器故障告警',N'设备内部的某个温度传感器发生故障',0,3,N'无影响',N'无影响',N'603-008-00-008044',N'设备告警');
INSERT INTO [dbo].[TC_AlarmName]([ID],[SubAlarmLogTypeID],[AlarmName],[AlarmInterpret],[AlarmVer],[AlarmLevel],[DevEffect],[OperEffect],[NMAlarmID],[AlarmClass]) VALUES(8045,80601,N'并机系统故障告警',N'并机系统故障',0,3,N'无影响',N'无影响',N'603-008-00-008045',N'设备告警');
INSERT INTO [dbo].[TC_AlarmName]([ID],[SubAlarmLogTypeID],[AlarmName],[AlarmInterpret],[AlarmVer],[AlarmLevel],[DevEffect],[OperEffect],[NMAlarmID],[AlarmClass]) VALUES(8046,80601,N'电池接触器故障告警',N'后备电池组接入的接触器发生故障',0,3,N'无影响',N'无影响',N'603-008-00-008046',N'设备告警');
INSERT INTO [dbo].[TC_AlarmName]([ID],[SubAlarmLogTypeID],[AlarmName],[AlarmInterpret],[AlarmVer],[AlarmLevel],[DevEffect],[OperEffect],[NMAlarmID],[AlarmClass]) VALUES(8047,80601,N'充电器故障告警',N'充电器故障告警',0,3,N'无影响',N'无影响',N'603-008-00-008047',N'设备告警');
INSERT INTO [dbo].[TC_AlarmName]([ID],[SubAlarmLogTypeID],[AlarmName],[AlarmInterpret],[AlarmVer],[AlarmLevel],[DevEffect],[OperEffect],[NMAlarmID],[AlarmClass]) VALUES(8048,80601,N'其他告警',N'未列入以上告警的告警信息',0,3,N'无影响',N'无影响',N'603-008-00-008048',N'设备告警');
INSERT INTO [dbo].[TC_AlarmName]([ID],[SubAlarmLogTypeID],[AlarmName],[AlarmInterpret],[AlarmVer],[AlarmLevel],[DevEffect],[OperEffect],[NMAlarmID],[AlarmClass]) VALUES(9001,90101,N'UPS输出屏中断告警',N'UPS输出屏中断',0,1,N'无影响',N'无影响',N'603-009-00-009001',N'设备告警');
INSERT INTO [dbo].[TC_AlarmName]([ID],[SubAlarmLogTypeID],[AlarmName],[AlarmInterpret],[AlarmVer],[AlarmLevel],[DevEffect],[OperEffect],[NMAlarmID],[AlarmClass]) VALUES(9002,90101,N'输出分路XX中断告警',N'输出分路XX中断告警',0,1,N'无影响',N'无影响',N'603-009-00-009002',N'设备告警');
INSERT INTO [dbo].[TC_AlarmName]([ID],[SubAlarmLogTypeID],[AlarmName],[AlarmInterpret],[AlarmVer],[AlarmLevel],[DevEffect],[OperEffect],[NMAlarmID],[AlarmClass]) VALUES(10001,100101,N'电池组标示XX温度过高告警',N'xx代表单体编号，用阿拉伯数字表示，',0,3,N'无影响',N'无影响',N'603-010-00-010001',N'设备告警');
INSERT INTO [dbo].[TC_AlarmName]([ID],[SubAlarmLogTypeID],[AlarmName],[AlarmInterpret],[AlarmVer],[AlarmLevel],[DevEffect],[OperEffect],[NMAlarmID],[AlarmClass]) VALUES(10002,100101,N'蓄电池温度超限告警',N'适用于没有做单体温度监控情况',0,3,N'无影响',N'无影响',N'603-010-00-010002',N'设备告警');
INSERT INTO [dbo].[TC_AlarmName]([ID],[SubAlarmLogTypeID],[AlarmName],[AlarmInterpret],[AlarmVer],[AlarmLevel],[DevEffect],[OperEffect],[NMAlarmID],[AlarmClass]) VALUES(10010,100201,N'电池单体XX电压过高告警',N'单体电池电压过高告警',0,4,N'无影响',N'无影响',N'603-010-00-010010',N'设备告警');
INSERT INTO [dbo].[TC_AlarmName]([ID],[SubAlarmLogTypeID],[AlarmName],[AlarmInterpret],[AlarmVer],[AlarmLevel],[DevEffect],[OperEffect],[NMAlarmID],[AlarmClass]) VALUES(10011,100201,N'电池单体XX电压过低告警',N'单体电池电压过低告警',0,4,N'无影响',N'无影响',N'603-010-00-010011',N'设备告警');
INSERT INTO [dbo].[TC_AlarmName]([ID],[SubAlarmLogTypeID],[AlarmName],[AlarmInterpret],[AlarmVer],[AlarmLevel],[DevEffect],[OperEffect],[NMAlarmID],[AlarmClass]) VALUES(10012,100201,N'电池组总电压过低告警',N'蓄电池组电压过低告警',0,2,N'无影响',N'无影响',N'603-010-00-010012',N'设备告警');
INSERT INTO [dbo].[TC_AlarmName]([ID],[SubAlarmLogTypeID],[AlarmName],[AlarmInterpret],[AlarmVer],[AlarmLevel],[DevEffect],[OperEffect],[NMAlarmID],[AlarmClass]) VALUES(11001,110101,N'风机过载告警',N'室内风机系统的电机过载',0,2,N'无影响',N'无影响',N'603-011-00-011001',N'设备告警');
INSERT INTO [dbo].[TC_AlarmName]([ID],[SubAlarmLogTypeID],[AlarmName],[AlarmInterpret],[AlarmVer],[AlarmLevel],[DevEffect],[OperEffect],[NMAlarmID],[AlarmClass]) VALUES(11002,110101,N'空气流量过低告警',N'室内机系统的送风气流量不足（室内机门被打开或密封破坏）',0,2,N'无影响',N'无影响',N'603-011-00-011002',N'设备告警');
INSERT INTO [dbo].[TC_AlarmName]([ID],[SubAlarmLogTypeID],[AlarmName],[AlarmInterpret],[AlarmVer],[AlarmLevel],[DevEffect],[OperEffect],[NMAlarmID],[AlarmClass]) VALUES(11003,110101,N'空气过滤网脏告警',N'室内机系统的过滤网脏堵',0,4,N'无影响',N'无影响',N'603-011-00-011003',N'设备告警');
INSERT INTO [dbo].[TC_AlarmName]([ID],[SubAlarmLogTypeID],[AlarmName],[AlarmInterpret],[AlarmVer],[AlarmLevel],[DevEffect],[OperEffect],[NMAlarmID],[AlarmClass]) VALUES(11004,110101,N'回风湿度过高告警',N'空调机的回风湿度高于设定阈值',0,3,N'无影响',N'无影响',N'603-011-00-011004',N'设备告警');
INSERT INTO [dbo].[TC_AlarmName]([ID],[SubAlarmLogTypeID],[AlarmName],[AlarmInterpret],[AlarmVer],[AlarmLevel],[DevEffect],[OperEffect],[NMAlarmID],[AlarmClass]) VALUES(11005,110101,N'回风湿度过低告警',N'空调机的回风湿度低于设定阈值',0,3,N'无影响',N'无影响',N'603-011-00-011005',N'设备告警');
INSERT INTO [dbo].[TC_AlarmName]([ID],[SubAlarmLogTypeID],[AlarmName],[AlarmInterpret],[AlarmVer],[AlarmLevel],[DevEffect],[OperEffect],[NMAlarmID],[AlarmClass]) VALUES(11006,110101,N'回风温度过高告警',N'空调机的回风温度超过设定阈值',0,3,N'无影响',N'无影响',N'603-011-00-011006',N'设备告警');
INSERT INTO [dbo].[TC_AlarmName]([ID],[SubAlarmLogTypeID],[AlarmName],[AlarmInterpret],[AlarmVer],[AlarmLevel],[DevEffect],[OperEffect],[NMAlarmID],[AlarmClass]) VALUES(11007,110101,N'回风温度过低告警',N'空调机的回风温度低于设定阈值',0,3,N'无影响',N'无影响',N'603-011-00-011007',N'设备告警');
INSERT INTO [dbo].[TC_AlarmName]([ID],[SubAlarmLogTypeID],[AlarmName],[AlarmInterpret],[AlarmVer],[AlarmLevel],[DevEffect],[OperEffect],[NMAlarmID],[AlarmClass]) VALUES(11010,110201,N'压缩机XX高压告警',N'空调系统的某个压缩机高压告警',0,2,N'无影响',N'无影响',N'603-011-00-011010',N'设备告警');
INSERT INTO [dbo].[TC_AlarmName]([ID],[SubAlarmLogTypeID],[AlarmName],[AlarmInterpret],[AlarmVer],[AlarmLevel],[DevEffect],[OperEffect],[NMAlarmID],[AlarmClass]) VALUES(11011,110201,N'压缩机XX低压告警',N'空调系统的某个压缩机低压告警',0,3,N'无影响',N'无影响',N'603-011-00-011011',N'设备告警');
INSERT INTO [dbo].[TC_AlarmName]([ID],[SubAlarmLogTypeID],[AlarmName],[AlarmInterpret],[AlarmVer],[AlarmLevel],[DevEffect],[OperEffect],[NMAlarmID],[AlarmClass]) VALUES(11012,110201,N'压缩机XX短振告警',N'压缩机某个压缩机在一分钟连续开停三次，次数不可调，时间周期可调',0,2,N'无影响',N'无影响',N'603-011-00-011012',N'设备告警');
INSERT INTO [dbo].[TC_AlarmName]([ID],[SubAlarmLogTypeID],[AlarmName],[AlarmInterpret],[AlarmVer],[AlarmLevel],[DevEffect],[OperEffect],[NMAlarmID],[AlarmClass]) VALUES(11013,110201,N'压缩机XX过热告警',N'压缩机XX过热告警',0,3,N'无影响',N'无影响',N'603-011-00-011013',N'设备告警');
INSERT INTO [dbo].[TC_AlarmName]([ID],[SubAlarmLogTypeID],[AlarmName],[AlarmInterpret],[AlarmVer],[AlarmLevel],[DevEffect],[OperEffect],[NMAlarmID],[AlarmClass]) VALUES(11014,110201,N'压缩机XX过载告警',N'某个压缩机过载停机',0,2,N'无影响',N'无影响',N'603-011-00-011014',N'设备告警');
INSERT INTO [dbo].[TC_AlarmName]([ID],[SubAlarmLogTypeID],[AlarmName],[AlarmInterpret],[AlarmVer],[AlarmLevel],[DevEffect],[OperEffect],[NMAlarmID],[AlarmClass]) VALUES(11020,110301,N'系统告警',N'空调控制系统发生故障',0,3,N'无影响',N'无影响',N'603-011-00-011020',N'设备告警');
INSERT INTO [dbo].[TC_AlarmName]([ID],[SubAlarmLogTypeID],[AlarmName],[AlarmInterpret],[AlarmVer],[AlarmLevel],[DevEffect],[OperEffect],[NMAlarmID],[AlarmClass]) VALUES(11021,110301,N'加湿器告警',N'空调系统加湿罐结垢或加湿水脏告警',0,3,N'无影响',N'无影响',N'603-011-00-011021',N'设备告警');
INSERT INTO [dbo].[TC_AlarmName]([ID],[SubAlarmLogTypeID],[AlarmName],[AlarmInterpret],[AlarmVer],[AlarmLevel],[DevEffect],[OperEffect],[NMAlarmID],[AlarmClass]) VALUES(11022,110301,N'加热器告警',N'空调系统加热器过热告警',0,3,N'无影响',N'无影响',N'603-011-00-011022',N'设备告警');
INSERT INTO [dbo].[TC_AlarmName]([ID],[SubAlarmLogTypeID],[AlarmName],[AlarmInterpret],[AlarmVer],[AlarmLevel],[DevEffect],[OperEffect],[NMAlarmID],[AlarmClass]) VALUES(11023,110301,N'溢水告警',N'加湿罐漏水',0,3,N'无影响',N'无影响',N'603-011-00-011023',N'设备告警');
INSERT INTO [dbo].[TC_AlarmName]([ID],[SubAlarmLogTypeID],[AlarmName],[AlarmInterpret],[AlarmVer],[AlarmLevel],[DevEffect],[OperEffect],[NMAlarmID],[AlarmClass]) VALUES(11024,110301,N'外接水浸告警',N'加湿罐外接的进水管路漏水',0,3,N'无影响',N'无影响',N'603-011-00-011024',N'设备告警');
INSERT INTO [dbo].[TC_AlarmName]([ID],[SubAlarmLogTypeID],[AlarmName],[AlarmInterpret],[AlarmVer],[AlarmLevel],[DevEffect],[OperEffect],[NMAlarmID],[AlarmClass]) VALUES(12001,120101,N'风机过载告警',N'室内风机系统的电机过载',0,2,N'无影响',N'无影响',N'603-012-00-012001',N'设备告警');
INSERT INTO [dbo].[TC_AlarmName]([ID],[SubAlarmLogTypeID],[AlarmName],[AlarmInterpret],[AlarmVer],[AlarmLevel],[DevEffect],[OperEffect],[NMAlarmID],[AlarmClass]) VALUES(12002,120101,N'空气流量过低告警',N'室内机系统的送风气流量不足（室内机门被打开或密封破坏）',0,2,N'无影响',N'无影响',N'603-012-00-012002',N'设备告警');
INSERT INTO [dbo].[TC_AlarmName]([ID],[SubAlarmLogTypeID],[AlarmName],[AlarmInterpret],[AlarmVer],[AlarmLevel],[DevEffect],[OperEffect],[NMAlarmID],[AlarmClass]) VALUES(12003,120101,N'空气过滤网脏告警',N'室内机系统的过滤网脏堵',0,4,N'无影响',N'无影响',N'603-012-00-012003',N'设备告警');
INSERT INTO [dbo].[TC_AlarmName]([ID],[SubAlarmLogTypeID],[AlarmName],[AlarmInterpret],[AlarmVer],[AlarmLevel],[DevEffect],[OperEffect],[NMAlarmID],[AlarmClass]) VALUES(12004,120101,N'回风湿度过高告警',N'空调机的回风湿度高于设定阈值',0,3,N'无影响',N'无影响',N'603-012-00-012004',N'设备告警');
INSERT INTO [dbo].[TC_AlarmName]([ID],[SubAlarmLogTypeID],[AlarmName],[AlarmInterpret],[AlarmVer],[AlarmLevel],[DevEffect],[OperEffect],[NMAlarmID],[AlarmClass]) VALUES(12005,120101,N'回风湿度过低告警',N'空调机的回风湿度低于设定阈值',0,3,N'无影响',N'无影响',N'603-012-00-012005',N'设备告警');
INSERT INTO [dbo].[TC_AlarmName]([ID],[SubAlarmLogTypeID],[AlarmName],[AlarmInterpret],[AlarmVer],[AlarmLevel],[DevEffect],[OperEffect],[NMAlarmID],[AlarmClass]) VALUES(12006,120101,N'回风温度过高告警',N'空调机的回风温度超过设定阈值',0,3,N'无影响',N'无影响',N'603-012-00-012006',N'设备告警');
INSERT INTO [dbo].[TC_AlarmName]([ID],[SubAlarmLogTypeID],[AlarmName],[AlarmInterpret],[AlarmVer],[AlarmLevel],[DevEffect],[OperEffect],[NMAlarmID],[AlarmClass]) VALUES(12007,120101,N'回风温度过低告警',N'空调机的回风温度低于设定阈值',0,3,N'无影响',N'无影响',N'603-012-00-012007',N'设备告警');
INSERT INTO [dbo].[TC_AlarmName]([ID],[SubAlarmLogTypeID],[AlarmName],[AlarmInterpret],[AlarmVer],[AlarmLevel],[DevEffect],[OperEffect],[NMAlarmID],[AlarmClass]) VALUES(12010,120201,N'冷冻水进水温度高告警',N'空调系统的冷冻水进水温度过高',0,3,N'无影响',N'无影响',N'603-012-00-012010',N'设备告警');
INSERT INTO [dbo].[TC_AlarmName]([ID],[SubAlarmLogTypeID],[AlarmName],[AlarmInterpret],[AlarmVer],[AlarmLevel],[DevEffect],[OperEffect],[NMAlarmID],[AlarmClass]) VALUES(12011,120201,N'冷冻水进水压力低告警',N'空调系统的冷冻水进水压力过低',0,3,N'无影响',N'无影响',N'603-012-00-012011',N'设备告警');
INSERT INTO [dbo].[TC_AlarmName]([ID],[SubAlarmLogTypeID],[AlarmName],[AlarmInterpret],[AlarmVer],[AlarmLevel],[DevEffect],[OperEffect],[NMAlarmID],[AlarmClass]) VALUES(12020,120301,N'压缩机XX高压告警',N'空调系统的某个压缩机高压告警',0,2,N'无影响',N'无影响',N'603-012-00-012020',N'设备告警');
INSERT INTO [dbo].[TC_AlarmName]([ID],[SubAlarmLogTypeID],[AlarmName],[AlarmInterpret],[AlarmVer],[AlarmLevel],[DevEffect],[OperEffect],[NMAlarmID],[AlarmClass]) VALUES(12021,120301,N'压缩机XX低压告警',N'空调系统的某个压缩机低压告警',0,3,N'无影响',N'无影响',N'603-012-00-012021',N'设备告警');
INSERT INTO [dbo].[TC_AlarmName]([ID],[SubAlarmLogTypeID],[AlarmName],[AlarmInterpret],[AlarmVer],[AlarmLevel],[DevEffect],[OperEffect],[NMAlarmID],[AlarmClass]) VALUES(12022,120301,N'压缩机XX短振告警',N'压缩机某个压缩机在一分钟连续开停三次，次数不可调，时间周期可调',0,2,N'无影响',N'无影响',N'603-012-00-012022',N'设备告警');
INSERT INTO [dbo].[TC_AlarmName]([ID],[SubAlarmLogTypeID],[AlarmName],[AlarmInterpret],[AlarmVer],[AlarmLevel],[DevEffect],[OperEffect],[NMAlarmID],[AlarmClass]) VALUES(12023,120301,N'压缩机XX过热告警',N'压缩机XX过热告警',0,3,N'无影响',N'无影响',N'603-012-00-012023',N'设备告警');
INSERT INTO [dbo].[TC_AlarmName]([ID],[SubAlarmLogTypeID],[AlarmName],[AlarmInterpret],[AlarmVer],[AlarmLevel],[DevEffect],[OperEffect],[NMAlarmID],[AlarmClass]) VALUES(12024,120301,N'压缩机XX过载告警',N'某个压缩机过载停机',0,2,N'无影响',N'无影响',N'603-012-00-012024',N'设备告警');
INSERT INTO [dbo].[TC_AlarmName]([ID],[SubAlarmLogTypeID],[AlarmName],[AlarmInterpret],[AlarmVer],[AlarmLevel],[DevEffect],[OperEffect],[NMAlarmID],[AlarmClass]) VALUES(12030,120401,N'系统告警',N'空调控制系统发生故障',0,3,N'无影响',N'无影响',N'603-012-00-012030',N'设备告警');
INSERT INTO [dbo].[TC_AlarmName]([ID],[SubAlarmLogTypeID],[AlarmName],[AlarmInterpret],[AlarmVer],[AlarmLevel],[DevEffect],[OperEffect],[NMAlarmID],[AlarmClass]) VALUES(12031,120401,N'加湿罐脏告警',N'空调系统加湿罐结垢或加湿水脏告警',0,2,N'无影响',N'无影响',N'603-012-00-012031',N'设备告警');
INSERT INTO [dbo].[TC_AlarmName]([ID],[SubAlarmLogTypeID],[AlarmName],[AlarmInterpret],[AlarmVer],[AlarmLevel],[DevEffect],[OperEffect],[NMAlarmID],[AlarmClass]) VALUES(12032,120401,N'加热器过热告警',N'空调系统加热器过热告警',0,3,N'无影响',N'无影响',N'603-012-00-012032',N'设备告警');
INSERT INTO [dbo].[TC_AlarmName]([ID],[SubAlarmLogTypeID],[AlarmName],[AlarmInterpret],[AlarmVer],[AlarmLevel],[DevEffect],[OperEffect],[NMAlarmID],[AlarmClass]) VALUES(12033,120401,N'溢水告警',N'加湿罐漏水',0,3,N'无影响',N'无影响',N'603-012-00-012033',N'设备告警');
INSERT INTO [dbo].[TC_AlarmName]([ID],[SubAlarmLogTypeID],[AlarmName],[AlarmInterpret],[AlarmVer],[AlarmLevel],[DevEffect],[OperEffect],[NMAlarmID],[AlarmClass]) VALUES(12034,120401,N'外接水浸告警',N'加湿罐外接的进水管路漏水',0,3,N'无影响',N'无影响',N'603-012-00-012034',N'设备告警');
INSERT INTO [dbo].[TC_AlarmName]([ID],[SubAlarmLogTypeID],[AlarmName],[AlarmInterpret],[AlarmVer],[AlarmLevel],[DevEffect],[OperEffect],[NMAlarmID],[AlarmClass]) VALUES(13001,130101,N'水流开关故障告警',N'水流开关故障',0,2,N'无影响',N'无影响',N'603-013-00-013001',N'设备告警');
INSERT INTO [dbo].[TC_AlarmName]([ID],[SubAlarmLogTypeID],[AlarmName],[AlarmInterpret],[AlarmVer],[AlarmLevel],[DevEffect],[OperEffect],[NMAlarmID],[AlarmClass]) VALUES(13002,130101,N'高压开关故障告警',N'高压开关故障',0,2,N'无影响',N'无影响',N'603-013-00-013002',N'设备告警');
INSERT INTO [dbo].[TC_AlarmName]([ID],[SubAlarmLogTypeID],[AlarmName],[AlarmInterpret],[AlarmVer],[AlarmLevel],[DevEffect],[OperEffect],[NMAlarmID],[AlarmClass]) VALUES(13003,130101,N'油位开关故障告警',N'油位开关故障',0,2,N'无影响',N'无影响',N'603-013-00-013003',N'设备告警');
INSERT INTO [dbo].[TC_AlarmName]([ID],[SubAlarmLogTypeID],[AlarmName],[AlarmInterpret],[AlarmVer],[AlarmLevel],[DevEffect],[OperEffect],[NMAlarmID],[AlarmClass]) VALUES(13004,130101,N'排气压力过高告警',N'排气压力过高',0,2,N'无影响',N'无影响',N'603-013-00-013004',N'设备告警');
INSERT INTO [dbo].[TC_AlarmName]([ID],[SubAlarmLogTypeID],[AlarmName],[AlarmInterpret],[AlarmVer],[AlarmLevel],[DevEffect],[OperEffect],[NMAlarmID],[AlarmClass]) VALUES(13005,130101,N'蒸发压力过低告警',N'蒸发压力过低',0,2,N'无影响',N'无影响',N'603-013-00-013005',N'设备告警');
INSERT INTO [dbo].[TC_AlarmName]([ID],[SubAlarmLogTypeID],[AlarmName],[AlarmInterpret],[AlarmVer],[AlarmLevel],[DevEffect],[OperEffect],[NMAlarmID],[AlarmClass]) VALUES(13006,130101,N'排气温度过高告警',N'排气温度过高',0,2,N'无影响',N'无影响',N'603-013-00-013006',N'设备告警');
INSERT INTO [dbo].[TC_AlarmName]([ID],[SubAlarmLogTypeID],[AlarmName],[AlarmInterpret],[AlarmVer],[AlarmLevel],[DevEffect],[OperEffect],[NMAlarmID],[AlarmClass]) VALUES(13007,130101,N'冷却水出水温度过高告警',N'冷却水出水温度过高',0,2,N'无影响',N'无影响',N'603-013-00-013007',N'设备告警');
INSERT INTO [dbo].[TC_AlarmName]([ID],[SubAlarmLogTypeID],[AlarmName],[AlarmInterpret],[AlarmVer],[AlarmLevel],[DevEffect],[OperEffect],[NMAlarmID],[AlarmClass]) VALUES(13008,130101,N'冷冻水出水温度过低告警',N'冷冻水出水温度过低',0,2,N'无影响',N'无影响',N'603-013-00-013008',N'设备告警');
INSERT INTO [dbo].[TC_AlarmName]([ID],[SubAlarmLogTypeID],[AlarmName],[AlarmInterpret],[AlarmVer],[AlarmLevel],[DevEffect],[OperEffect],[NMAlarmID],[AlarmClass]) VALUES(13009,130101,N'油压差过低告警',N'油压差过低',0,2,N'无影响',N'无影响',N'603-013-00-013009',N'设备告警');
INSERT INTO [dbo].[TC_AlarmName]([ID],[SubAlarmLogTypeID],[AlarmName],[AlarmInterpret],[AlarmVer],[AlarmLevel],[DevEffect],[OperEffect],[NMAlarmID],[AlarmClass]) VALUES(13010,130101,N'油过滤器阻塞告警',N'油过滤器阻塞',0,3,N'无影响',N'无影响',N'603-013-00-013010',N'设备告警');
INSERT INTO [dbo].[TC_AlarmName]([ID],[SubAlarmLogTypeID],[AlarmName],[AlarmInterpret],[AlarmVer],[AlarmLevel],[DevEffect],[OperEffect],[NMAlarmID],[AlarmClass]) VALUES(13011,130200,N'传感器故障告警',N'传感器故障',0,4,N'无影响',N'无影响',N'603-013-00-013011',N'设备告警');
INSERT INTO [dbo].[TC_AlarmName]([ID],[SubAlarmLogTypeID],[AlarmName],[AlarmInterpret],[AlarmVer],[AlarmLevel],[DevEffect],[OperEffect],[NMAlarmID],[AlarmClass]) VALUES(13012,130200,N'通信状态告警',N'通信状态告警',0,3,N'无影响',N'无影响',N'603-013-00-013012',N'设备告警');
INSERT INTO [dbo].[TC_AlarmName]([ID],[SubAlarmLogTypeID],[AlarmName],[AlarmInterpret],[AlarmVer],[AlarmLevel],[DevEffect],[OperEffect],[NMAlarmID],[AlarmClass]) VALUES(13013,130200,N'外部联锁故障告警',N'外部联锁故障',0,4,N'无影响',N'无影响',N'603-013-00-013013',N'设备告警');
INSERT INTO [dbo].[TC_AlarmName]([ID],[SubAlarmLogTypeID],[AlarmName],[AlarmInterpret],[AlarmVer],[AlarmLevel],[DevEffect],[OperEffect],[NMAlarmID],[AlarmClass]) VALUES(13020,130301,N'压缩机启动失败故障告警',N'压缩机启动失败故障',0,2,N'无影响',N'无影响',N'603-013-00-013020',N'设备告警');
INSERT INTO [dbo].[TC_AlarmName]([ID],[SubAlarmLogTypeID],[AlarmName],[AlarmInterpret],[AlarmVer],[AlarmLevel],[DevEffect],[OperEffect],[NMAlarmID],[AlarmClass]) VALUES(13021,130301,N'压缩机内置保护告警',N'压缩机内置保护',0,2,N'无影响',N'无影响',N'603-013-00-013021',N'设备告警');
INSERT INTO [dbo].[TC_AlarmName]([ID],[SubAlarmLogTypeID],[AlarmName],[AlarmInterpret],[AlarmVer],[AlarmLevel],[DevEffect],[OperEffect],[NMAlarmID],[AlarmClass]) VALUES(13022,130301,N'压缩机电流过高告警',N'压缩机电流过高',0,2,N'无影响',N'无影响',N'603-013-00-013022',N'设备告警');
INSERT INTO [dbo].[TC_AlarmName]([ID],[SubAlarmLogTypeID],[AlarmName],[AlarmInterpret],[AlarmVer],[AlarmLevel],[DevEffect],[OperEffect],[NMAlarmID],[AlarmClass]) VALUES(13024,130301,N'压缩机电流过低告警',N'压缩机电流过低',0,2,N'无影响',N'无影响',N'603-013-00-013024',N'设备告警');
INSERT INTO [dbo].[TC_AlarmName]([ID],[SubAlarmLogTypeID],[AlarmName],[AlarmInterpret],[AlarmVer],[AlarmLevel],[DevEffect],[OperEffect],[NMAlarmID],[AlarmClass]) VALUES(15001,150101,N'室内风机过热保护告警',N'室内侧风扇电动机的热保护器在工作。',0,3,N'无影响',N'无影响',N'603-015-00-015001',N'设备告警');
INSERT INTO [dbo].[TC_AlarmName]([ID],[SubAlarmLogTypeID],[AlarmName],[AlarmInterpret],[AlarmVer],[AlarmLevel],[DevEffect],[OperEffect],[NMAlarmID],[AlarmClass]) VALUES(15010,150201,N'压缩机停机告警',N'.PC或AC压缩机热保护器在动作',0,2,N'无影响',N'无影响',N'603-015-00-015010',N'设备告警');
INSERT INTO [dbo].[TC_AlarmName]([ID],[SubAlarmLogTypeID],[AlarmName],[AlarmInterpret],[AlarmVer],[AlarmLevel],[DevEffect],[OperEffect],[NMAlarmID],[AlarmClass]) VALUES(15011,150201,N'压缩机排气温度异常告警',N'PC压缩机的排气温度异常。',0,4,N'无影响',N'无影响',N'603-015-00-015011',N'设备告警');
INSERT INTO [dbo].[TC_AlarmName]([ID],[SubAlarmLogTypeID],[AlarmName],[AlarmInterpret],[AlarmVer],[AlarmLevel],[DevEffect],[OperEffect],[NMAlarmID],[AlarmClass]) VALUES(15012,150201,N'压缩机高压告警',N'高压开关在动作。',0,2,N'无影响',N'无影响',N'603-015-00-015012',N'设备告警');
INSERT INTO [dbo].[TC_AlarmName]([ID],[SubAlarmLogTypeID],[AlarmName],[AlarmInterpret],[AlarmVer],[AlarmLevel],[DevEffect],[OperEffect],[NMAlarmID],[AlarmClass]) VALUES(15013,150201,N'压缩机过载告警',N'PC压缩机用电动机过载。',0,2,N'无影响',N'无影响',N'603-015-00-015013',N'设备告警');
INSERT INTO [dbo].[TC_AlarmName]([ID],[SubAlarmLogTypeID],[AlarmName],[AlarmInterpret],[AlarmVer],[AlarmLevel],[DevEffect],[OperEffect],[NMAlarmID],[AlarmClass]) VALUES(15014,150201,N'压缩机锁定告警',N'PC压缩机用电动机锁定。',0,2,N'无影响',N'无影响',N'603-015-00-015014',N'设备告警');
INSERT INTO [dbo].[TC_AlarmName]([ID],[SubAlarmLogTypeID],[AlarmName],[AlarmInterpret],[AlarmVer],[AlarmLevel],[DevEffect],[OperEffect],[NMAlarmID],[AlarmClass]) VALUES(15015,150201,N'压缩机电流异常告警',N'压缩机的电流检查电路异常。',0,4,N'无影响',N'无影响',N'603-015-00-015015',N'设备告警');
INSERT INTO [dbo].[TC_AlarmName]([ID],[SubAlarmLogTypeID],[AlarmName],[AlarmInterpret],[AlarmVer],[AlarmLevel],[DevEffect],[OperEffect],[NMAlarmID],[AlarmClass]) VALUES(15016,150201,N'压缩机低压告警',N'低压开关。',0,2,N'无影响',N'无影响',N'603-015-00-015016',N'设备告警');
INSERT INTO [dbo].[TC_AlarmName]([ID],[SubAlarmLogTypeID],[AlarmName],[AlarmInterpret],[AlarmVer],[AlarmLevel],[DevEffect],[OperEffect],[NMAlarmID],[AlarmClass]) VALUES(15020,150301,N'输入电源相位异常告警',N'反相或电压下降。',0,3,N'无影响',N'无影响',N'603-015-00-015020',N'设备告警');
INSERT INTO [dbo].[TC_AlarmName]([ID],[SubAlarmLogTypeID],[AlarmName],[AlarmInterpret],[AlarmVer],[AlarmLevel],[DevEffect],[OperEffect],[NMAlarmID],[AlarmClass]) VALUES(15021,150301,N'输入电源电压不平衡告警',N'电源电压不平衡。',0,4,N'无影响',N'无影响',N'603-015-00-015021',N'设备告警');
INSERT INTO [dbo].[TC_AlarmName]([ID],[SubAlarmLogTypeID],[AlarmName],[AlarmInterpret],[AlarmVer],[AlarmLevel],[DevEffect],[OperEffect],[NMAlarmID],[AlarmClass]) VALUES(16001,160101,N'主机系统故障告警',N'设备主机出现告警',0,3,N'无影响',N'无影响',N'603-016-00-016001',N'设备告警');
INSERT INTO [dbo].[TC_AlarmName]([ID],[SubAlarmLogTypeID],[AlarmName],[AlarmInterpret],[AlarmVer],[AlarmLevel],[DevEffect],[OperEffect],[NMAlarmID],[AlarmClass]) VALUES(16002,160101,N'主机区域故障告警',N'某区域探测管监测区域的烟尘浓度超过设定阈值',0,2,N'无影响',N'无影响',N'603-016-00-016002',N'设备告警');
INSERT INTO [dbo].[TC_AlarmName]([ID],[SubAlarmLogTypeID],[AlarmName],[AlarmInterpret],[AlarmVer],[AlarmLevel],[DevEffect],[OperEffect],[NMAlarmID],[AlarmClass]) VALUES(16003,160101,N'主机紧急故障告警',N'设备紧急告警',0,2,N'无影响',N'无影响',N'603-016-00-016003',N'设备告警');
INSERT INTO [dbo].[TC_AlarmName]([ID],[SubAlarmLogTypeID],[AlarmName],[AlarmInterpret],[AlarmVer],[AlarmLevel],[DevEffect],[OperEffect],[NMAlarmID],[AlarmClass]) VALUES(16004,160101,N'主机电源故障告警',N'设备电源故障',0,3,N'无影响',N'无影响',N'603-016-00-016004',N'设备告警');
INSERT INTO [dbo].[TC_AlarmName]([ID],[SubAlarmLogTypeID],[AlarmName],[AlarmInterpret],[AlarmVer],[AlarmLevel],[DevEffect],[OperEffect],[NMAlarmID],[AlarmClass]) VALUES(16005,160101,N'主机网络故障告警',N'设备网络连接异常',0,3,N'无影响',N'无影响',N'603-016-00-016005',N'设备告警');
INSERT INTO [dbo].[TC_AlarmName]([ID],[SubAlarmLogTypeID],[AlarmName],[AlarmInterpret],[AlarmVer],[AlarmLevel],[DevEffect],[OperEffect],[NMAlarmID],[AlarmClass]) VALUES(16006,160101,N'主机气流故障告警',N'气流异常，堵塞等',0,3,N'无影响',N'无影响',N'603-016-00-016006',N'设备告警');
INSERT INTO [dbo].[TC_AlarmName]([ID],[SubAlarmLogTypeID],[AlarmName],[AlarmInterpret],[AlarmVer],[AlarmLevel],[DevEffect],[OperEffect],[NMAlarmID],[AlarmClass]) VALUES(16007,160101,N'主机隔离状态告警',N'设备隔离按钮被按下，设备无法告警发声',0,3,N'无影响',N'无影响',N'603-016-00-016007',N'设备告警');
INSERT INTO [dbo].[TC_AlarmName]([ID],[SubAlarmLogTypeID],[AlarmName],[AlarmInterpret],[AlarmVer],[AlarmLevel],[DevEffect],[OperEffect],[NMAlarmID],[AlarmClass]) VALUES(16008,160101,N'主机过滤器故障告警',N'过滤器脏堵',0,2,N'无影响',N'无影响',N'603-016-00-016008',N'设备告警');
INSERT INTO [dbo].[TC_AlarmName]([ID],[SubAlarmLogTypeID],[AlarmName],[AlarmInterpret],[AlarmVer],[AlarmLevel],[DevEffect],[OperEffect],[NMAlarmID],[AlarmClass]) VALUES(16010,160201,N'四级火警告警',N'四级火警，最高等级',0,1,N'无影响',N'无影响',N'603-016-00-016010',N'设备告警');
INSERT INTO [dbo].[TC_AlarmName]([ID],[SubAlarmLogTypeID],[AlarmName],[AlarmInterpret],[AlarmVer],[AlarmLevel],[DevEffect],[OperEffect],[NMAlarmID],[AlarmClass]) VALUES(16011,160201,N'三级火警告警',N'三级火警',0,1,N'无影响',N'无影响',N'603-016-00-016011',N'设备告警');
INSERT INTO [dbo].[TC_AlarmName]([ID],[SubAlarmLogTypeID],[AlarmName],[AlarmInterpret],[AlarmVer],[AlarmLevel],[DevEffect],[OperEffect],[NMAlarmID],[AlarmClass]) VALUES(16012,160201,N'二级火警告警',N'二级火警',0,2,N'无影响',N'无影响',N'603-016-00-016012',N'设备告警');
INSERT INTO [dbo].[TC_AlarmName]([ID],[SubAlarmLogTypeID],[AlarmName],[AlarmInterpret],[AlarmVer],[AlarmLevel],[DevEffect],[OperEffect],[NMAlarmID],[AlarmClass]) VALUES(16013,160201,N'一级火警告警',N'一级火警,最低等级',0,3,N'无影响',N'无影响',N'603-016-00-016013',N'设备告警');
INSERT INTO [dbo].[TC_AlarmName]([ID],[SubAlarmLogTypeID],[AlarmName],[AlarmInterpret],[AlarmVer],[AlarmLevel],[DevEffect],[OperEffect],[NMAlarmID],[AlarmClass]) VALUES(16014,160201,N'区域××火警告警',N'某区域探测管监测区域的烟尘浓度超过设定阈值,如“P1管火警告警”',0,4,N'无影响',N'无影响',N'603-016-00-016014',N'设备告警');
INSERT INTO [dbo].[TC_AlarmName]([ID],[SubAlarmLogTypeID],[AlarmName],[AlarmInterpret],[AlarmVer],[AlarmLevel],[DevEffect],[OperEffect],[NMAlarmID],[AlarmClass]) VALUES(17001,170101,N'水浸告警',N'某个水浸探头探测到积水',0,2,N'无影响',N'无影响',N'603-017-00-017001',N'设备告警');
INSERT INTO [dbo].[TC_AlarmName]([ID],[SubAlarmLogTypeID],[AlarmName],[AlarmInterpret],[AlarmVer],[AlarmLevel],[DevEffect],[OperEffect],[NMAlarmID],[AlarmClass]) VALUES(17002,170201,N'烟雾告警',N'某个烟雾探头探测到有烟雾',0,1,N'无影响',N'无影响',N'603-017-00-017002',N'设备告警');
INSERT INTO [dbo].[TC_AlarmName]([ID],[SubAlarmLogTypeID],[AlarmName],[AlarmInterpret],[AlarmVer],[AlarmLevel],[DevEffect],[OperEffect],[NMAlarmID],[AlarmClass]) VALUES(17003,170201,N'火情告警',N'某个火情探头探测到有火情',0,1,N'无影响',N'无影响',N'603-017-00-017003',N'设备告警');
INSERT INTO [dbo].[TC_AlarmName]([ID],[SubAlarmLogTypeID],[AlarmName],[AlarmInterpret],[AlarmVer],[AlarmLevel],[DevEffect],[OperEffect],[NMAlarmID],[AlarmClass]) VALUES(17004,170301,N'红外告警',N'某个红外探头探测到有东西活动',0,3,N'无影响',N'无影响',N'603-017-00-017004',N'设备告警');
INSERT INTO [dbo].[TC_AlarmName]([ID],[SubAlarmLogTypeID],[AlarmName],[AlarmInterpret],[AlarmVer],[AlarmLevel],[DevEffect],[OperEffect],[NMAlarmID],[AlarmClass]) VALUES(17010,170401,N'温度过高告警',N'某个温度探头探测到温度超过设定阈值',0,3,N'无影响',N'无影响',N'603-017-00-017010',N'设备告警');
INSERT INTO [dbo].[TC_AlarmName]([ID],[SubAlarmLogTypeID],[AlarmName],[AlarmInterpret],[AlarmVer],[AlarmLevel],[DevEffect],[OperEffect],[NMAlarmID],[AlarmClass]) VALUES(17011,170401,N'温度过低告警',N'某个温度探头探测到温度低于设定阈值',0,3,N'无影响',N'无影响',N'603-017-00-017011',N'设备告警');
INSERT INTO [dbo].[TC_AlarmName]([ID],[SubAlarmLogTypeID],[AlarmName],[AlarmInterpret],[AlarmVer],[AlarmLevel],[DevEffect],[OperEffect],[NMAlarmID],[AlarmClass]) VALUES(17012,170501,N'湿度过高告警',N'某个湿度探头探测到湿度超过设定阈值',0,3,N'无影响',N'无影响',N'603-017-00-017012',N'设备告警');
INSERT INTO [dbo].[TC_AlarmName]([ID],[SubAlarmLogTypeID],[AlarmName],[AlarmInterpret],[AlarmVer],[AlarmLevel],[DevEffect],[OperEffect],[NMAlarmID],[AlarmClass]) VALUES(17013,170501,N'湿度过低告警',N'某个湿度探头探测到湿度低于设定阈值',0,3,N'无影响',N'无影响',N'603-017-00-017013',N'设备告警');
INSERT INTO [dbo].[TC_AlarmName]([ID],[SubAlarmLogTypeID],[AlarmName],[AlarmInterpret],[AlarmVer],[AlarmLevel],[DevEffect],[OperEffect],[NMAlarmID],[AlarmClass]) VALUES(17020,170601,N'门碰告警',N'某个门碰探头探测到基站门非法打开',0,3,N'无影响',N'无影响',N'603-017-00-017020',N'设备告警');
INSERT INTO [dbo].[TC_AlarmName]([ID],[SubAlarmLogTypeID],[AlarmName],[AlarmInterpret],[AlarmVer],[AlarmLevel],[DevEffect],[OperEffect],[NMAlarmID],[AlarmClass]) VALUES(17021,170701,N'玻破告警',N'某个玻破探头探测到有玻破活动',0,3,N'无影响',N'无影响',N'603-017-00-017021',N'设备告警');
INSERT INTO [dbo].[TC_AlarmName]([ID],[SubAlarmLogTypeID],[AlarmName],[AlarmInterpret],[AlarmVer],[AlarmLevel],[DevEffect],[OperEffect],[NMAlarmID],[AlarmClass]) VALUES(70001,700101,N'交流输入故障告警',N'交流输入中断、缺相',0,2,N'无影响',N'无影响',N'603-070-00-070001',N'设备告警');
INSERT INTO [dbo].[TC_AlarmName]([ID],[SubAlarmLogTypeID],[AlarmName],[AlarmInterpret],[AlarmVer],[AlarmLevel],[DevEffect],[OperEffect],[NMAlarmID],[AlarmClass]) VALUES(70002,700101,N'浪涌保护器故障告警',N'设备自带的浪涌保护器损坏',0,3,N'无影响',N'无影响',N'603-070-00-070002',N'设备告警');
INSERT INTO [dbo].[TC_AlarmName]([ID],[SubAlarmLogTypeID],[AlarmName],[AlarmInterpret],[AlarmVer],[AlarmLevel],[DevEffect],[OperEffect],[NMAlarmID],[AlarmClass]) VALUES(70003,700101,N'交流输入电压超限告警',N'交流输入电压超限',0,4,N'无影响',N'无影响',N'603-070-00-070003',N'设备告警');
INSERT INTO [dbo].[TC_AlarmName]([ID],[SubAlarmLogTypeID],[AlarmName],[AlarmInterpret],[AlarmVer],[AlarmLevel],[DevEffect],[OperEffect],[NMAlarmID],[AlarmClass]) VALUES(70010,700201,N'直流欠压告警',N'直流欠压告警',0,2,N'无影响',N'无影响',N'603-070-00-070010',N'设备告警');
INSERT INTO [dbo].[TC_AlarmName]([ID],[SubAlarmLogTypeID],[AlarmName],[AlarmInterpret],[AlarmVer],[AlarmLevel],[DevEffect],[OperEffect],[NMAlarmID],[AlarmClass]) VALUES(70011,700201,N'直流高压告警',N'直流高压告警',0,3,N'无影响',N'无影响',N'603-070-00-070011',N'设备告警');
INSERT INTO [dbo].[TC_AlarmName]([ID],[SubAlarmLogTypeID],[AlarmName],[AlarmInterpret],[AlarmVer],[AlarmLevel],[DevEffect],[OperEffect],[NMAlarmID],[AlarmClass]) VALUES(70012,700201,N'负载熔丝故障告警',N'某个负载熔丝熔断（x为负载熔丝编号，用阿拉伯数字表示）',0,2,N'无影响',N'无影响',N'603-070-00-070012',N'设备告警');
INSERT INTO [dbo].[TC_AlarmName]([ID],[SubAlarmLogTypeID],[AlarmName],[AlarmInterpret],[AlarmVer],[AlarmLevel],[DevEffect],[OperEffect],[NMAlarmID],[AlarmClass]) VALUES(70013,700201,N'一级低压脱离断开告警',N'第一级低压脱离开关动作，其后的负载被断电',0,2,N'无影响',N'无影响',N'603-070-00-070013',N'设备告警');
INSERT INTO [dbo].[TC_AlarmName]([ID],[SubAlarmLogTypeID],[AlarmName],[AlarmInterpret],[AlarmVer],[AlarmLevel],[DevEffect],[OperEffect],[NMAlarmID],[AlarmClass]) VALUES(70014,700201,N'二级低压脱离断开告警',N'第二级低压脱离开关动作，其后的负载被断电',0,2,N'无影响',N'无影响',N'603-070-00-070014',N'设备告警');
INSERT INTO [dbo].[TC_AlarmName]([ID],[SubAlarmLogTypeID],[AlarmName],[AlarmInterpret],[AlarmVer],[AlarmLevel],[DevEffect],[OperEffect],[NMAlarmID],[AlarmClass]) VALUES(70015,700201,N'浮充电压低告警',N'浮充电压低告警',0,3,N'无影响',N'无影响',N'603-070-00-070015',N'设备告警');
INSERT INTO [dbo].[TC_AlarmName]([ID],[SubAlarmLogTypeID],[AlarmName],[AlarmInterpret],[AlarmVer],[AlarmLevel],[DevEffect],[OperEffect],[NMAlarmID],[AlarmClass]) VALUES(70016,700201,N'浮充电压高告警',N'浮充电压高告警',0,3,N'无影响',N'无影响',N'603-070-00-070016',N'设备告警');
INSERT INTO [dbo].[TC_AlarmName]([ID],[SubAlarmLogTypeID],[AlarmName],[AlarmInterpret],[AlarmVer],[AlarmLevel],[DevEffect],[OperEffect],[NMAlarmID],[AlarmClass]) VALUES(70017,700201,N'系统过载告警',N'开关电源整流模块发生输出过载故障',0,3,N'无影响',N'无影响',N'603-070-00-070017',N'设备告警');
INSERT INTO [dbo].[TC_AlarmName]([ID],[SubAlarmLogTypeID],[AlarmName],[AlarmInterpret],[AlarmVer],[AlarmLevel],[DevEffect],[OperEffect],[NMAlarmID],[AlarmClass]) VALUES(70020,700301,N'输出中断告警',N'输出中断告警',0,2,N'无影响',N'无影响',N'603-070-00-070020',N'设备告警');
INSERT INTO [dbo].[TC_AlarmName]([ID],[SubAlarmLogTypeID],[AlarmName],[AlarmInterpret],[AlarmVer],[AlarmLevel],[DevEffect],[OperEffect],[NMAlarmID],[AlarmClass]) VALUES(70021,700301,N'输出电压低告警',N'输出电压低告警',0,3,N'无影响',N'无影响',N'603-070-00-070021',N'设备告警');
INSERT INTO [dbo].[TC_AlarmName]([ID],[SubAlarmLogTypeID],[AlarmName],[AlarmInterpret],[AlarmVer],[AlarmLevel],[DevEffect],[OperEffect],[NMAlarmID],[AlarmClass]) VALUES(70022,700301,N'输出电压高告警',N'输出电压高告警',0,3,N'无影响',N'无影响',N'603-070-00-070022',N'设备告警');
INSERT INTO [dbo].[TC_AlarmName]([ID],[SubAlarmLogTypeID],[AlarmName],[AlarmInterpret],[AlarmVer],[AlarmLevel],[DevEffect],[OperEffect],[NMAlarmID],[AlarmClass]) VALUES(70030,700401,N'监控模块通信中断告警',N'监控模块发生故障',0,3,N'无影响',N'无影响',N'603-070-00-070030',N'设备告警');
INSERT INTO [dbo].[TC_AlarmName]([ID],[SubAlarmLogTypeID],[AlarmName],[AlarmInterpret],[AlarmVer],[AlarmLevel],[DevEffect],[OperEffect],[NMAlarmID],[AlarmClass]) VALUES(70031,700401,N'整流模块故障告警',N'任何一个整流模块发生故障',0,3,N'无影响',N'无影响',N'603-070-00-070031',N'设备告警');
INSERT INTO [dbo].[TC_AlarmName]([ID],[SubAlarmLogTypeID],[AlarmName],[AlarmInterpret],[AlarmVer],[AlarmLevel],[DevEffect],[OperEffect],[NMAlarmID],[AlarmClass]) VALUES(70032,700401,N'整流模块过压关机告警',N'整流模块过压关机告警',0,3,N'无影响',N'无影响',N'603-070-00-070032',N'设备告警');
INSERT INTO [dbo].[TC_AlarmName]([ID],[SubAlarmLogTypeID],[AlarmName],[AlarmInterpret],[AlarmVer],[AlarmLevel],[DevEffect],[OperEffect],[NMAlarmID],[AlarmClass]) VALUES(70033,700401,N'整流模块通信告警',N'某一个整流模块与监控模块的通信异常',0,4,N'无影响',N'无影响',N'603-070-00-070033',N'设备告警');
INSERT INTO [dbo].[TC_AlarmName]([ID],[SubAlarmLogTypeID],[AlarmName],[AlarmInterpret],[AlarmVer],[AlarmLevel],[DevEffect],[OperEffect],[NMAlarmID],[AlarmClass]) VALUES(70034,700401,N'一级低压脱离故障告警',N'第一级低压脱离开关故障',0,2,N'无影响',N'无影响',N'603-070-00-070034',N'设备告警');
INSERT INTO [dbo].[TC_AlarmName]([ID],[SubAlarmLogTypeID],[AlarmName],[AlarmInterpret],[AlarmVer],[AlarmLevel],[DevEffect],[OperEffect],[NMAlarmID],[AlarmClass]) VALUES(70035,700401,N'二级低压脱离故障告警',N'第二级低压脱离开关故障',0,2,N'无影响',N'无影响',N'603-070-00-070035',N'设备告警');
INSERT INTO [dbo].[TC_AlarmName]([ID],[SubAlarmLogTypeID],[AlarmName],[AlarmInterpret],[AlarmVer],[AlarmLevel],[DevEffect],[OperEffect],[NMAlarmID],[AlarmClass]) VALUES(70040,700501,N'电池熔丝故障告警',N'某个电池熔丝熔断',0,2,N'无影响',N'无影响',N'603-070-00-070040',N'设备告警');
INSERT INTO [dbo].[TC_AlarmName]([ID],[SubAlarmLogTypeID],[AlarmName],[AlarmInterpret],[AlarmVer],[AlarmLevel],[DevEffect],[OperEffect],[NMAlarmID],[AlarmClass]) VALUES(70041,700501,N'电池温度低告警',N'电池温度探头探测到的温度低于设定阈值',0,4,N'无影响',N'无影响',N'603-070-00-070041',N'设备告警');
INSERT INTO [dbo].[TC_AlarmName]([ID],[SubAlarmLogTypeID],[AlarmName],[AlarmInterpret],[AlarmVer],[AlarmLevel],[DevEffect],[OperEffect],[NMAlarmID],[AlarmClass]) VALUES(70042,700501,N'电池温度高告警',N'电池温度探头探测到的温度超过设定阈值',0,3,N'无影响',N'无影响',N'603-070-00-070042',N'设备告警');
INSERT INTO [dbo].[TC_AlarmName]([ID],[SubAlarmLogTypeID],[AlarmName],[AlarmInterpret],[AlarmVer],[AlarmLevel],[DevEffect],[OperEffect],[NMAlarmID],[AlarmClass]) VALUES(71001,710101,N'非法开门告警',N'未使用门禁卡开门',0,2,N'无影响',N'无影响',N'603-071-00-071001',N'设备告警');
INSERT INTO [dbo].[TC_AlarmName]([ID],[SubAlarmLogTypeID],[AlarmName],[AlarmInterpret],[AlarmVer],[AlarmLevel],[DevEffect],[OperEffect],[NMAlarmID],[AlarmClass]) VALUES(71002,710101,N'非法离开告警',N'离开基站时未按照要求在规定时间内刷卡',0,2,N'无影响',N'无影响',N'603-071-00-071002',N'设备告警');
INSERT INTO [dbo].[TC_AlarmName]([ID],[SubAlarmLogTypeID],[AlarmName],[AlarmInterpret],[AlarmVer],[AlarmLevel],[DevEffect],[OperEffect],[NMAlarmID],[AlarmClass]) VALUES(71003,710101,N'离开未关门告警',N'处于设防状态下的门禁系统探测到门未关',0,2,N'无影响',N'无影响',N'603-071-00-071003',N'设备告警');
INSERT INTO [dbo].[TC_AlarmName]([ID],[SubAlarmLogTypeID],[AlarmName],[AlarmInterpret],[AlarmVer],[AlarmLevel],[DevEffect],[OperEffect],[NMAlarmID],[AlarmClass]) VALUES(71004,710101,N'未正常进入告警',N'正常刷卡后未在规定时间进入',0,2,N'无影响',N'无影响',N'603-071-00-071004',N'设备告警');
INSERT INTO [dbo].[TC_AlarmName]([ID],[SubAlarmLogTypeID],[AlarmName],[AlarmInterpret],[AlarmVer],[AlarmLevel],[DevEffect],[OperEffect],[NMAlarmID],[AlarmClass]) VALUES(71010,710201,N'门禁状态告警',N'门禁系统探测到门处于开启状态',0,2,N'无影响',N'无影响',N'603-071-00-071010',N'设备告警');
INSERT INTO [dbo].[TC_AlarmName]([ID],[SubAlarmLogTypeID],[AlarmName],[AlarmInterpret],[AlarmVer],[AlarmLevel],[DevEffect],[OperEffect],[NMAlarmID],[AlarmClass]) VALUES(71011,710201,N'锁舌未到位告警',N'门禁系统探测到门未完全关好',0,2,N'无影响',N'无影响',N'603-071-00-071011',N'设备告警');
INSERT INTO [dbo].[TC_AlarmName]([ID],[SubAlarmLogTypeID],[AlarmName],[AlarmInterpret],[AlarmVer],[AlarmLevel],[DevEffect],[OperEffect],[NMAlarmID],[AlarmClass]) VALUES(71021,710301,N'设备状态告警',N'门禁系统自身故障告警',0,3,N'无影响',N'无影响',N'603-071-00-071021',N'设备告警');
INSERT INTO [dbo].[TC_AlarmName]([ID],[SubAlarmLogTypeID],[AlarmName],[AlarmInterpret],[AlarmVer],[AlarmLevel],[DevEffect],[OperEffect],[NMAlarmID],[AlarmClass]) VALUES(71022,710301,N'通信状态告警',N'门禁系统与监控FSU之间的通信异常',0,3,N'无影响',N'无影响',N'603-071-00-071022',N'设备告警');
INSERT INTO [dbo].[TC_AlarmName]([ID],[SubAlarmLogTypeID],[AlarmName],[AlarmInterpret],[AlarmVer],[AlarmLevel],[DevEffect],[OperEffect],[NMAlarmID],[AlarmClass]) VALUES(71023,710301,N'蜂鸣器触发告警',N'由于非法出入已启动蜂鸣器提示',0,4,N'无影响',N'无影响',N'603-071-00-071023',N'设备告警');
INSERT INTO [dbo].[TC_AlarmName]([ID],[SubAlarmLogTypeID],[AlarmName],[AlarmInterpret],[AlarmVer],[AlarmLevel],[DevEffect],[OperEffect],[NMAlarmID],[AlarmClass]) VALUES(71024,710301,N'门锁继电器关闭告警',N'远程控制门锁继电器关闭动作已触发，无法通过刷卡进入',0,3,N'无影响',N'无影响',N'603-071-00-071024',N'设备告警');
INSERT INTO [dbo].[TC_AlarmName]([ID],[SubAlarmLogTypeID],[AlarmName],[AlarmInterpret],[AlarmVer],[AlarmLevel],[DevEffect],[OperEffect],[NMAlarmID],[AlarmClass]) VALUES(71025,710301,N'控制器电池容量偏低告警',N'提示控制器时钟内置电池容量偏低',0,3,N'无影响',N'无影响',N'603-071-00-071025',N'设备告警');
INSERT INTO [dbo].[TC_AlarmName]([ID],[SubAlarmLogTypeID],[AlarmName],[AlarmInterpret],[AlarmVer],[AlarmLevel],[DevEffect],[OperEffect],[NMAlarmID],[AlarmClass]) VALUES(71026,710301,N'卡非法告警',N'卡失效或者非法卡',0,3,N'无影响',N'无影响',N'603-071-00-071026',N'设备告警');
INSERT INTO [dbo].[TC_AlarmName]([ID],[SubAlarmLogTypeID],[AlarmName],[AlarmInterpret],[AlarmVer],[AlarmLevel],[DevEffect],[OperEffect],[NMAlarmID],[AlarmClass]) VALUES(72001,720101,N'市电状态告警',N'输入市电缺相、电压超过设定阈值、停电',0,3,N'无影响',N'无影响',N'603-072-00-072001',N'设备告警');
INSERT INTO [dbo].[TC_AlarmName]([ID],[SubAlarmLogTypeID],[AlarmName],[AlarmInterpret],[AlarmVer],[AlarmLevel],[DevEffect],[OperEffect],[NMAlarmID],[AlarmClass]) VALUES(72002,720201,N'设备状态告警',N'设备自身发生故障',0,3,N'无影响',N'无影响',N'603-072-00-072002',N'设备告警');
INSERT INTO [dbo].[TC_AlarmName]([ID],[SubAlarmLogTypeID],[AlarmName],[AlarmInterpret],[AlarmVer],[AlarmLevel],[DevEffect],[OperEffect],[NMAlarmID],[AlarmClass]) VALUES(72003,720201,N'通信状态告警',N'与FSU通信异常',0,3,N'无影响',N'无影响',N'603-072-00-072003',N'设备告警');
INSERT INTO [dbo].[TC_AlarmName]([ID],[SubAlarmLogTypeID],[AlarmName],[AlarmInterpret],[AlarmVer],[AlarmLevel],[DevEffect],[OperEffect],[NMAlarmID],[AlarmClass]) VALUES(73001,730101,N'交流输入中断告警',N'交流输入中断',0,2,N'无影响',N'无影响',N'603-073-00-073001',N'设备告警');
INSERT INTO [dbo].[TC_AlarmName]([ID],[SubAlarmLogTypeID],[AlarmName],[AlarmInterpret],[AlarmVer],[AlarmLevel],[DevEffect],[OperEffect],[NMAlarmID],[AlarmClass]) VALUES(73002,730201,N'旁路故障告警',N'旁路故障',0,3,N'无影响',N'无影响',N'603-073-00-073002',N'设备告警');
INSERT INTO [dbo].[TC_AlarmName]([ID],[SubAlarmLogTypeID],[AlarmName],[AlarmInterpret],[AlarmVer],[AlarmLevel],[DevEffect],[OperEffect],[NMAlarmID],[AlarmClass]) VALUES(73003,730201,N'输出故障告警',N'输出故障告警',0,3,N'无影响',N'无影响',N'603-073-00-073003',N'设备告警');
INSERT INTO [dbo].[TC_AlarmName]([ID],[SubAlarmLogTypeID],[AlarmName],[AlarmInterpret],[AlarmVer],[AlarmLevel],[DevEffect],[OperEffect],[NMAlarmID],[AlarmClass]) VALUES(73004,730301,N'整流器故障告警',N'整流器故障',0,3,N'无影响',N'无影响',N'603-073-00-073004',N'设备告警');
INSERT INTO [dbo].[TC_AlarmName]([ID],[SubAlarmLogTypeID],[AlarmName],[AlarmInterpret],[AlarmVer],[AlarmLevel],[DevEffect],[OperEffect],[NMAlarmID],[AlarmClass]) VALUES(73005,730301,N'充电器故障告警',N'充电器故障',0,3,N'无影响',N'无影响',N'603-073-00-073005',N'设备告警');
INSERT INTO [dbo].[TC_AlarmName]([ID],[SubAlarmLogTypeID],[AlarmName],[AlarmInterpret],[AlarmVer],[AlarmLevel],[DevEffect],[OperEffect],[NMAlarmID],[AlarmClass]) VALUES(73006,730301,N'逆变器故障告警',N'逆变器故障',0,3,N'无影响',N'无影响',N'603-073-00-073006',N'设备告警');
INSERT INTO [dbo].[TC_AlarmName]([ID],[SubAlarmLogTypeID],[AlarmName],[AlarmInterpret],[AlarmVer],[AlarmLevel],[DevEffect],[OperEffect],[NMAlarmID],[AlarmClass]) VALUES(73007,730301,N'风扇故障告警',N'风扇故障',0,3,N'无影响',N'无影响',N'603-073-00-073007',N'设备告警');
INSERT INTO [dbo].[TC_AlarmName]([ID],[SubAlarmLogTypeID],[AlarmName],[AlarmInterpret],[AlarmVer],[AlarmLevel],[DevEffect],[OperEffect],[NMAlarmID],[AlarmClass]) VALUES(73008,730301,N'辅助电源故障告警',N'辅助电源故障',0,3,N'无影响',N'无影响',N'603-073-00-073008',N'设备告警');
INSERT INTO [dbo].[TC_AlarmName]([ID],[SubAlarmLogTypeID],[AlarmName],[AlarmInterpret],[AlarmVer],[AlarmLevel],[DevEffect],[OperEffect],[NMAlarmID],[AlarmClass]) VALUES(73009,730401,N'电池电压低告警',N'电池电压低告警',0,3,N'无影响',N'无影响',N'603-073-00-073009',N'设备告警');
INSERT INTO [dbo].[TC_AlarmName]([ID],[SubAlarmLogTypeID],[AlarmName],[AlarmInterpret],[AlarmVer],[AlarmLevel],[DevEffect],[OperEffect],[NMAlarmID],[AlarmClass]) VALUES(74001,740101,N'超速停机告警',N'超速停机告警',0,2,N'无影响',N'无影响',N'603-074-00-074001',N'设备告警');
INSERT INTO [dbo].[TC_AlarmName]([ID],[SubAlarmLogTypeID],[AlarmName],[AlarmInterpret],[AlarmVer],[AlarmLevel],[DevEffect],[OperEffect],[NMAlarmID],[AlarmClass]) VALUES(74002,740101,N'过载停机告警',N'过载停机告警',0,2,N'无影响',N'无影响',N'603-074-00-074002',N'设备告警');
INSERT INTO [dbo].[TC_AlarmName]([ID],[SubAlarmLogTypeID],[AlarmName],[AlarmInterpret],[AlarmVer],[AlarmLevel],[DevEffect],[OperEffect],[NMAlarmID],[AlarmClass]) VALUES(74003,740101,N'油机低油压告警',N'油机低油压告警',0,2,N'无影响',N'无影响',N'603-074-00-074003',N'设备告警');
INSERT INTO [dbo].[TC_AlarmName]([ID],[SubAlarmLogTypeID],[AlarmName],[AlarmInterpret],[AlarmVer],[AlarmLevel],[DevEffect],[OperEffect],[NMAlarmID],[AlarmClass]) VALUES(74004,740101,N'高水温停机告警',N'高水温停机告警',0,2,N'无影响',N'无影响',N'603-074-00-074004',N'设备告警');
INSERT INTO [dbo].[TC_AlarmName]([ID],[SubAlarmLogTypeID],[AlarmName],[AlarmInterpret],[AlarmVer],[AlarmLevel],[DevEffect],[OperEffect],[NMAlarmID],[AlarmClass]) VALUES(74005,740101,N'紧急停车告警',N'紧急停车告警',0,2,N'无影响',N'无影响',N'603-074-00-074005',N'设备告警');
INSERT INTO [dbo].[TC_AlarmName]([ID],[SubAlarmLogTypeID],[AlarmName],[AlarmInterpret],[AlarmVer],[AlarmLevel],[DevEffect],[OperEffect],[NMAlarmID],[AlarmClass]) VALUES(74006,740101,N'油机起动失败告警',N'油机起动失败告警',0,2,N'无影响',N'无影响',N'603-074-00-074006',N'设备告警');
INSERT INTO [dbo].[TC_AlarmName]([ID],[SubAlarmLogTypeID],[AlarmName],[AlarmInterpret],[AlarmVer],[AlarmLevel],[DevEffect],[OperEffect],[NMAlarmID],[AlarmClass]) VALUES(74007,740101,N'欠速停机告警',N'欠速停机告警',0,2,N'无影响',N'无影响',N'603-074-00-074007',N'设备告警');
INSERT INTO [dbo].[TC_AlarmName]([ID],[SubAlarmLogTypeID],[AlarmName],[AlarmInterpret],[AlarmVer],[AlarmLevel],[DevEffect],[OperEffect],[NMAlarmID],[AlarmClass]) VALUES(74010,740201,N'发电机A相过流停机告警',N'发电机A相过流停机告警',0,2,N'无影响',N'无影响',N'603-074-00-074010',N'设备告警');
INSERT INTO [dbo].[TC_AlarmName]([ID],[SubAlarmLogTypeID],[AlarmName],[AlarmInterpret],[AlarmVer],[AlarmLevel],[DevEffect],[OperEffect],[NMAlarmID],[AlarmClass]) VALUES(74011,740201,N'发电机A相过压停机告警',N'发电机A相过压停机告警',0,1,N'无影响',N'无影响',N'603-074-00-074011',N'设备告警');
INSERT INTO [dbo].[TC_AlarmName]([ID],[SubAlarmLogTypeID],[AlarmName],[AlarmInterpret],[AlarmVer],[AlarmLevel],[DevEffect],[OperEffect],[NMAlarmID],[AlarmClass]) VALUES(74012,740201,N'发电机A相欠压停机告警',N'发电机A相欠压停机告警',0,2,N'无影响',N'无影响',N'603-074-00-074012',N'设备告警');
INSERT INTO [dbo].[TC_AlarmName]([ID],[SubAlarmLogTypeID],[AlarmName],[AlarmInterpret],[AlarmVer],[AlarmLevel],[DevEffect],[OperEffect],[NMAlarmID],[AlarmClass]) VALUES(74013,740201,N'发电机B相过流停机告警',N'发电机B相过流停机告警',0,2,N'无影响',N'无影响',N'603-074-00-074013',N'设备告警');
INSERT INTO [dbo].[TC_AlarmName]([ID],[SubAlarmLogTypeID],[AlarmName],[AlarmInterpret],[AlarmVer],[AlarmLevel],[DevEffect],[OperEffect],[NMAlarmID],[AlarmClass]) VALUES(74014,740201,N'发电机B相过压停机告警',N'发电机B相过压停机告警',0,2,N'无影响',N'无影响',N'603-074-00-074014',N'设备告警');
INSERT INTO [dbo].[TC_AlarmName]([ID],[SubAlarmLogTypeID],[AlarmName],[AlarmInterpret],[AlarmVer],[AlarmLevel],[DevEffect],[OperEffect],[NMAlarmID],[AlarmClass]) VALUES(74015,740201,N'发电机B相欠压停机告警',N'发电机B相欠压停机告警',0,2,N'无影响',N'无影响',N'603-074-00-074015',N'设备告警');
INSERT INTO [dbo].[TC_AlarmName]([ID],[SubAlarmLogTypeID],[AlarmName],[AlarmInterpret],[AlarmVer],[AlarmLevel],[DevEffect],[OperEffect],[NMAlarmID],[AlarmClass]) VALUES(74016,740201,N'发电机C相过流停机告警',N'发电机C相过流停机告警',0,2,N'无影响',N'无影响',N'603-074-00-074016',N'设备告警');
INSERT INTO [dbo].[TC_AlarmName]([ID],[SubAlarmLogTypeID],[AlarmName],[AlarmInterpret],[AlarmVer],[AlarmLevel],[DevEffect],[OperEffect],[NMAlarmID],[AlarmClass]) VALUES(74017,740201,N'发电机C相过压停机告警',N'发电机C相过压停机告警',0,2,N'无影响',N'无影响',N'603-074-00-074017',N'设备告警');
INSERT INTO [dbo].[TC_AlarmName]([ID],[SubAlarmLogTypeID],[AlarmName],[AlarmInterpret],[AlarmVer],[AlarmLevel],[DevEffect],[OperEffect],[NMAlarmID],[AlarmClass]) VALUES(74018,740201,N'发电机C相欠压停机告警',N'发电机C相欠压停机告警',0,2,N'无影响',N'无影响',N'603-074-00-074018',N'设备告警');
INSERT INTO [dbo].[TC_AlarmName]([ID],[SubAlarmLogTypeID],[AlarmName],[AlarmInterpret],[AlarmVer],[AlarmLevel],[DevEffect],[OperEffect],[NMAlarmID],[AlarmClass]) VALUES(74020,740301,N'燃油油量告警',N'燃油油量告警',0,2,N'无影响',N'无影响',N'603-074-00-074020',N'设备告警');
INSERT INTO [dbo].[TC_AlarmName]([ID],[SubAlarmLogTypeID],[AlarmName],[AlarmInterpret],[AlarmVer],[AlarmLevel],[DevEffect],[OperEffect],[NMAlarmID],[AlarmClass]) VALUES(74021,740301,N'开关电源切换开关失败告警',N'开关电源切换开关失败告警',0,2,N'无影响',N'无影响',N'603-074-00-074021',N'设备告警');
INSERT INTO [dbo].[TC_AlarmName]([ID],[SubAlarmLogTypeID],[AlarmName],[AlarmInterpret],[AlarmVer],[AlarmLevel],[DevEffect],[OperEffect],[NMAlarmID],[AlarmClass]) VALUES(74022,740301,N'水温过低告警',N'水温过低告警',0,4,N'无影响',N'无影响',N'603-074-00-074022',N'设备告警');
INSERT INTO [dbo].[TC_AlarmName]([ID],[SubAlarmLogTypeID],[AlarmName],[AlarmInterpret],[AlarmVer],[AlarmLevel],[DevEffect],[OperEffect],[NMAlarmID],[AlarmClass]) VALUES(74023,740301,N'启动失败故障告警',N'启动失败故障告警',0,3,N'无影响',N'无影响',N'603-074-00-074023',N'设备告警');
INSERT INTO [dbo].[TC_AlarmName]([ID],[SubAlarmLogTypeID],[AlarmName],[AlarmInterpret],[AlarmVer],[AlarmLevel],[DevEffect],[OperEffect],[NMAlarmID],[AlarmClass]) VALUES(74024,740301,N'空调切换开关失败告警',N'空调切换开关失败告警',0,2,N'无影响',N'无影响',N'603-074-00-074024',N'设备告警');
INSERT INTO [dbo].[TC_AlarmName]([ID],[SubAlarmLogTypeID],[AlarmName],[AlarmInterpret],[AlarmVer],[AlarmLevel],[DevEffect],[OperEffect],[NMAlarmID],[AlarmClass]) VALUES(74025,740301,N'启动电池充电器告警',N'启动电池充电器告警',0,2,N'无影响',N'无影响',N'603-074-00-074025',N'设备告警');
INSERT INTO [dbo].[TC_AlarmName]([ID],[SubAlarmLogTypeID],[AlarmName],[AlarmInterpret],[AlarmVer],[AlarmLevel],[DevEffect],[OperEffect],[NMAlarmID],[AlarmClass]) VALUES(74026,740301,N'启动电池欠压告警',N'启动电池欠压告警',0,2,N'无影响',N'无影响',N'603-074-00-074026',N'设备告警');
INSERT INTO [dbo].[TC_AlarmName]([ID],[SubAlarmLogTypeID],[AlarmName],[AlarmInterpret],[AlarmVer],[AlarmLevel],[DevEffect],[OperEffect],[NMAlarmID],[AlarmClass]) VALUES(74027,740301,N'通信状态告警',N'通信中断',0,2,N'无影响',N'无影响',N'603-074-00-074027',N'设备告警');
INSERT INTO [dbo].[TC_AlarmName]([ID],[SubAlarmLogTypeID],[AlarmName],[AlarmInterpret],[AlarmVer],[AlarmLevel],[DevEffect],[OperEffect],[NMAlarmID],[AlarmClass]) VALUES(74028,740301,N'ATS自动倒换失败/故障告警',N'ATS自动倒换失败/故障告警',0,3,N'无影响',N'无影响',N'603-074-00-074028',N'设备告警');
INSERT INTO [dbo].[TC_AlarmName]([ID],[SubAlarmLogTypeID],[AlarmName],[AlarmInterpret],[AlarmVer],[AlarmLevel],[DevEffect],[OperEffect],[NMAlarmID],[AlarmClass]) VALUES(75001,750101,N'水浸告警',N'某个水浸探头探测到积水',0,3,N'无影响',N'无影响',N'603-075-00-075001',N'设备告警');
INSERT INTO [dbo].[TC_AlarmName]([ID],[SubAlarmLogTypeID],[AlarmName],[AlarmInterpret],[AlarmVer],[AlarmLevel],[DevEffect],[OperEffect],[NMAlarmID],[AlarmClass]) VALUES(75002,750201,N'烟雾告警',N'某个烟雾探头探测到有烟雾',0,1,N'无影响',N'无影响',N'603-075-00-075002',N'设备告警');
INSERT INTO [dbo].[TC_AlarmName]([ID],[SubAlarmLogTypeID],[AlarmName],[AlarmInterpret],[AlarmVer],[AlarmLevel],[DevEffect],[OperEffect],[NMAlarmID],[AlarmClass]) VALUES(75003,750201,N'火情告警',N'某个火情探头探测到有火情',0,1,N'无影响',N'无影响',N'603-075-00-075003',N'设备告警');
INSERT INTO [dbo].[TC_AlarmName]([ID],[SubAlarmLogTypeID],[AlarmName],[AlarmInterpret],[AlarmVer],[AlarmLevel],[DevEffect],[OperEffect],[NMAlarmID],[AlarmClass]) VALUES(75010,750301,N'温度过高告警',N'某个温度探头探测到温度超过设定阈值',0,3,N'无影响',N'无影响',N'603-075-00-075010',N'设备告警');
INSERT INTO [dbo].[TC_AlarmName]([ID],[SubAlarmLogTypeID],[AlarmName],[AlarmInterpret],[AlarmVer],[AlarmLevel],[DevEffect],[OperEffect],[NMAlarmID],[AlarmClass]) VALUES(75011,750301,N'温度过低告警',N'温度过低告警',0,4,N'无影响',N'无影响',N'603-075-00-075011',N'设备告警');
INSERT INTO [dbo].[TC_AlarmName]([ID],[SubAlarmLogTypeID],[AlarmName],[AlarmInterpret],[AlarmVer],[AlarmLevel],[DevEffect],[OperEffect],[NMAlarmID],[AlarmClass]) VALUES(75012,750401,N'湿度过高告警',N'某个湿度探头探测到湿度高于设定阈值',0,3,N'无影响',N'无影响',N'603-075-00-075012',N'设备告警');
INSERT INTO [dbo].[TC_AlarmName]([ID],[SubAlarmLogTypeID],[AlarmName],[AlarmInterpret],[AlarmVer],[AlarmLevel],[DevEffect],[OperEffect],[NMAlarmID],[AlarmClass]) VALUES(75020,750501,N'门碰告警',N'某个门碰探头探测到基站门非法打开',0,2,N'无影响',N'无影响',N'603-075-00-075020',N'设备告警');
INSERT INTO [dbo].[TC_AlarmName]([ID],[SubAlarmLogTypeID],[AlarmName],[AlarmInterpret],[AlarmVer],[AlarmLevel],[DevEffect],[OperEffect],[NMAlarmID],[AlarmClass]) VALUES(76001,760101,N'智能设备采集器通信状态告警',N'采集具备智能接口的设备，如开关电源、UPS、油机、专用空调等采集器的通信状态告警。',0,2,N'无影响',N'无影响',N'603-076-00-076001',N'设备告警');
INSERT INTO [dbo].[TC_AlarmName]([ID],[SubAlarmLogTypeID],[AlarmName],[AlarmInterpret],[AlarmVer],[AlarmLevel],[DevEffect],[OperEffect],[NMAlarmID],[AlarmClass]) VALUES(76002,760101,N'非智能设备采集器通信状态告警',N'采集温度、湿度、火警、门碰、水浸、红外等环境设备的采集器通信状态告警',0,2,N'无影响',N'无影响',N'603-076-00-076002',N'设备告警');
INSERT INTO [dbo].[TC_AlarmName]([ID],[SubAlarmLogTypeID],[AlarmName],[AlarmInterpret],[AlarmVer],[AlarmLevel],[DevEffect],[OperEffect],[NMAlarmID],[AlarmClass]) VALUES(76003,760101,N'一体化设备采集器通信状态告警',N'涵盖具备智能设备采集，以及非智能的温度、湿度、火警、门碰、水浸、红外等采集；或者蓄电池采集、视频采集、节能等多种设备的综合采集器通信状态告警。',0,2,N'无影响',N'无影响',N'603-076-00-076003',N'设备告警');
INSERT INTO [dbo].[TC_AlarmName]([ID],[SubAlarmLogTypeID],[AlarmName],[AlarmInterpret],[AlarmVer],[AlarmLevel],[DevEffect],[OperEffect],[NMAlarmID],[AlarmClass]) VALUES(76004,760101,N'蓄电池设备采集器通信状态告警',N'采集蓄电池组的单体电压、单体电流、总电压、总电流、标识温度等采集器通信状态告警。',0,2,N'无影响',N'无影响',N'603-076-00-076004',N'设备告警');
INSERT INTO [dbo].[TC_AlarmName]([ID],[SubAlarmLogTypeID],[AlarmName],[AlarmInterpret],[AlarmVer],[AlarmLevel],[DevEffect],[OperEffect],[NMAlarmID],[AlarmClass]) VALUES(76010,760201,N'FSU监控设备通信状态异常告警',N'FSU监控采集设备通信状态的告警',0,3,N'无影响',N'无影响',N'603-076-00-076010',N'设备告警');
INSERT INTO [dbo].[TC_AlarmName]([ID],[SubAlarmLogTypeID],[AlarmName],[AlarmInterpret],[AlarmVer],[AlarmLevel],[DevEffect],[OperEffect],[NMAlarmID],[AlarmClass]) VALUES(76011,760201,N'LSC不可用告警',N'该LSC到三个或以上前置机通信中断',0,1,N'无影响',N'无影响',N'603-076-00-076011',N'设备告警');
INSERT INTO [dbo].[TC_AlarmName]([ID],[SubAlarmLogTypeID],[AlarmName],[AlarmInterpret],[AlarmVer],[AlarmLevel],[DevEffect],[OperEffect],[NMAlarmID],[AlarmClass]) VALUES(76012,760201,N'CSC不可用告警',N'该CSC到三个或以上LSC通信中断',0,1,N'无影响',N'无影响',N'603-076-00-076012',N'设备告警');
INSERT INTO [dbo].[TC_AlarmName]([ID],[SubAlarmLogTypeID],[AlarmName],[AlarmInterpret],[AlarmVer],[AlarmLevel],[DevEffect],[OperEffect],[NMAlarmID],[AlarmClass]) VALUES(76013,760201,N'LSC通信前置机通信状态异常告警',N'负责B接口协议数据采集软件获硬件的通信状态的告警',0,2,N'无影响',N'无影响',N'603-076-00-076013',N'设备告警');
INSERT INTO [dbo].[TC_AlarmName]([ID],[SubAlarmLogTypeID],[AlarmName],[AlarmInterpret],[AlarmVer],[AlarmLevel],[DevEffect],[OperEffect],[NMAlarmID],[AlarmClass]) VALUES(76014,760201,N'LSC数据服务通信状态异常告警',N'LSC后台数据处理软件或硬件的通信状态的告警',0,2,N'无影响',N'无影响',N'603-076-00-076014',N'设备告警');
INSERT INTO [dbo].[TC_AlarmName]([ID],[SubAlarmLogTypeID],[AlarmName],[AlarmInterpret],[AlarmVer],[AlarmLevel],[DevEffect],[OperEffect],[NMAlarmID],[AlarmClass]) VALUES(76015,760201,N'CSC通信前置机通信状态异常告警',N'负责C接口协议数据采集软件或硬件的通信状态的告警',0,2,N'无影响',N'无影响',N'603-076-00-076015',N'设备告警');
INSERT INTO [dbo].[TC_AlarmName]([ID],[SubAlarmLogTypeID],[AlarmName],[AlarmInterpret],[AlarmVer],[AlarmLevel],[DevEffect],[OperEffect],[NMAlarmID],[AlarmClass]) VALUES(76016,760201,N'CSC数据服务通信状态异常告警',N'CSC后台数据处理软件或硬件的通信状态的告警',0,2,N'无影响',N'无影响',N'603-076-00-076016',N'设备告警');
INSERT INTO [dbo].[TC_AlarmName]([ID],[SubAlarmLogTypeID],[AlarmName],[AlarmInterpret],[AlarmVer],[AlarmLevel],[DevEffect],[OperEffect],[NMAlarmID],[AlarmClass]) VALUES(76020,760301,N'通信状态告警',N'被监控设备通信采集中断',0,2,N'无影响',N'无影响',N'603-076-00-076020',N'设备告警');
INSERT INTO [dbo].[TC_AlarmName]([ID],[SubAlarmLogTypeID],[AlarmName],[AlarmInterpret],[AlarmVer],[AlarmLevel],[DevEffect],[OperEffect],[NMAlarmID],[AlarmClass]) VALUES(77001,770101,N'停电告警',N'市电中断',0,3,N'无影响',N'无影响',N'603-077-00-077001',N'设备告警');
INSERT INTO [dbo].[TC_AlarmName]([ID],[SubAlarmLogTypeID],[AlarmName],[AlarmInterpret],[AlarmVer],[AlarmLevel],[DevEffect],[OperEffect],[NMAlarmID],[AlarmClass]) VALUES(77002,770101,N'直流低电压告警',N'仅针对直流系统，直流电压低于系统设定值',0,3,N'无影响',N'无影响',N'603-077-00-077002',N'设备告警');
INSERT INTO [dbo].[TC_AlarmName]([ID],[SubAlarmLogTypeID],[AlarmName],[AlarmInterpret],[AlarmVer],[AlarmLevel],[DevEffect],[OperEffect],[NMAlarmID],[AlarmClass]) VALUES(77003,770102,N'室内传感器故障告警',N'室内传感器故障告警',0,4,N'无影响',N'无影响',N'603-077-00-077003',N'设备告警');
INSERT INTO [dbo].[TC_AlarmName]([ID],[SubAlarmLogTypeID],[AlarmName],[AlarmInterpret],[AlarmVer],[AlarmLevel],[DevEffect],[OperEffect],[NMAlarmID],[AlarmClass]) VALUES(77004,770102,N'室外传感器故障告警',N'室外传感器故障告警',0,4,N'无影响',N'无影响',N'603-077-00-077004',N'设备告警');
INSERT INTO [dbo].[TC_AlarmName]([ID],[SubAlarmLogTypeID],[AlarmName],[AlarmInterpret],[AlarmVer],[AlarmLevel],[DevEffect],[OperEffect],[NMAlarmID],[AlarmClass]) VALUES(77005,770103,N'进风风机故障告警',N'系统控制风机与反馈的状态不一致，可对两套风机进行检测判断（载频较多的基站可能需要配第二套风机',0,3,N'无影响',N'无影响',N'603-077-00-077005',N'设备告警');
INSERT INTO [dbo].[TC_AlarmName]([ID],[SubAlarmLogTypeID],[AlarmName],[AlarmInterpret],[AlarmVer],[AlarmLevel],[DevEffect],[OperEffect],[NMAlarmID],[AlarmClass]) VALUES(77006,770103,N'出风风机故障告警',N'系统控制风机与反馈的状态不一致，可对两套风机进行检测判断（载频较多的基站可能需要配第二套风机）',0,3,N'无影响',N'无影响',N'603-077-00-077006',N'设备告警');
INSERT INTO [dbo].[TC_AlarmName]([ID],[SubAlarmLogTypeID],[AlarmName],[AlarmInterpret],[AlarmVer],[AlarmLevel],[DevEffect],[OperEffect],[NMAlarmID],[AlarmClass]) VALUES(77007,770103,N'风门卡滞告警',N'系统控制风门与反馈的状态不一致，仅用于通风系统',0,3,N'无影响',N'无影响',N'603-077-00-077007',N'设备告警');
INSERT INTO [dbo].[TC_AlarmName]([ID],[SubAlarmLogTypeID],[AlarmName],[AlarmInterpret],[AlarmVer],[AlarmLevel],[DevEffect],[OperEffect],[NMAlarmID],[AlarmClass]) VALUES(77008,770103,N'过滤器脏堵告警',N'系统检测判断需更换过滤器时发出该警报',0,3,N'无影响',N'无影响',N'603-077-00-077008',N'设备告警');
INSERT INTO [dbo].[TC_AlarmName]([ID],[SubAlarmLogTypeID],[AlarmName],[AlarmInterpret],[AlarmVer],[AlarmLevel],[DevEffect],[OperEffect],[NMAlarmID],[AlarmClass]) VALUES(78009,780101,N'输出电压低告警',N'输出电压低于设定阀值',0,3,N'无影响',N'无影响',N'603-078-00-078009',N'设备告警');
INSERT INTO [dbo].[TC_AlarmName]([ID],[SubAlarmLogTypeID],[AlarmName],[AlarmInterpret],[AlarmVer],[AlarmLevel],[DevEffect],[OperEffect],[NMAlarmID],[AlarmClass]) VALUES(78010,780101,N'输出电压高告警',N'输出电压高于设定阀值',0,3,N'无影响',N'无影响',N'603-078-00-078010',N'设备告警');
INSERT INTO [dbo].[TC_AlarmName]([ID],[SubAlarmLogTypeID],[AlarmName],[AlarmInterpret],[AlarmVer],[AlarmLevel],[DevEffect],[OperEffect],[NMAlarmID],[AlarmClass]) VALUES(78011,780101,N'电源输出模块故障告警',N'电源输出模块故障告警',0,2,N'无影响',N'无影响',N'603-078-00-078011',N'设备告警');
INSERT INTO [dbo].[TC_AlarmName]([ID],[SubAlarmLogTypeID],[AlarmName],[AlarmInterpret],[AlarmVer],[AlarmLevel],[DevEffect],[OperEffect],[NMAlarmID],[AlarmClass]) VALUES(78012,780101,N'光伏/风机控制器故障告警',N'光伏/风机控制器故障告警',0,3,N'无影响',N'无影响',N'603-078-00-078012',N'设备告警');
INSERT INTO [dbo].[TC_AlarmName]([ID],[SubAlarmLogTypeID],[AlarmName],[AlarmInterpret],[AlarmVer],[AlarmLevel],[DevEffect],[OperEffect],[NMAlarmID],[AlarmClass]) VALUES(78013,780101,N'电池低压脱离告警',N'电池组电压低于设定阀值电压脱离系统告警',0,2,N'无影响',N'无影响',N'603-078-00-078013',N'设备告警');
INSERT INTO [dbo].[TC_AlarmName]([ID],[SubAlarmLogTypeID],[AlarmName],[AlarmInterpret],[AlarmVer],[AlarmLevel],[DevEffect],[OperEffect],[NMAlarmID],[AlarmClass]) VALUES(78014,780201,N'控制器机柜高温告警',N'控制器机柜内温度达到阀值温度',0,4,N'无影响',N'无影响',N'603-078-00-078014',N'设备告警');
INSERT INTO [dbo].[TC_AlarmName]([ID],[SubAlarmLogTypeID],[AlarmName],[AlarmInterpret],[AlarmVer],[AlarmLevel],[DevEffect],[OperEffect],[NMAlarmID],[AlarmClass]) VALUES(78015,780201,N'蓄电池高温告警',N'蓄电池温度达到阀值温度',0,4,N'无影响',N'无影响',N'603-078-00-078015',N'设备告警');
INSERT INTO [dbo].[TC_AlarmName]([ID],[SubAlarmLogTypeID],[AlarmName],[AlarmInterpret],[AlarmVer],[AlarmLevel],[DevEffect],[OperEffect],[NMAlarmID],[AlarmClass]) VALUES(78016,780201,N'蓄电池低温告警',N'蓄电池温度达到阀值温度',0,4,N'无影响',N'无影响',N'603-078-00-078016',N'设备告警');
GO

--■■■■■■■■■■■■■■■■■■■■■■■■■■■■■■■■■■■■■■■■■■■■■■■■■■■■■■■■■■■■■■■■■■■
--添加默认值[dbo].[TC_DeviceType]
TRUNCATE TABLE [dbo].[TC_DeviceType];
GO
INSERT INTO [dbo].[TC_DeviceType]([TypeID],[TypeName]) VALUES(0,N'高压配电设备');
INSERT INTO [dbo].[TC_DeviceType]([TypeID],[TypeName]) VALUES(1,N'低压配电设备');
INSERT INTO [dbo].[TC_DeviceType]([TypeID],[TypeName]) VALUES(2,N'柴油发电机组');
INSERT INTO [dbo].[TC_DeviceType]([TypeID],[TypeName]) VALUES(3,N'燃气发电机组');
INSERT INTO [dbo].[TC_DeviceType]([TypeID],[TypeName]) VALUES(4,N'UPS');
INSERT INTO [dbo].[TC_DeviceType]([TypeID],[TypeName]) VALUES(5,N'逆变器');
INSERT INTO [dbo].[TC_DeviceType]([TypeID],[TypeName]) VALUES(6,N'整流配电设备');
INSERT INTO [dbo].[TC_DeviceType]([TypeID],[TypeName]) VALUES(7,N'太阳能供电设备');
INSERT INTO [dbo].[TC_DeviceType]([TypeID],[TypeName]) VALUES(8,N'DC-DC变换设备');
INSERT INTO [dbo].[TC_DeviceType]([TypeID],[TypeName]) VALUES(9,N'风力发电设备');
INSERT INTO [dbo].[TC_DeviceType]([TypeID],[TypeName]) VALUES(10,N'蓄电池组');
INSERT INTO [dbo].[TC_DeviceType]([TypeID],[TypeName]) VALUES(11,N'局部空调设备');
INSERT INTO [dbo].[TC_DeviceType]([TypeID],[TypeName]) VALUES(12,N'集中空调设备');
INSERT INTO [dbo].[TC_DeviceType]([TypeID],[TypeName]) VALUES(13,N'门禁');
INSERT INTO [dbo].[TC_DeviceType]([TypeID],[TypeName]) VALUES(14,N'环境设备');
INSERT INTO [dbo].[TC_DeviceType]([TypeID],[TypeName]) VALUES(15,N'防雷设备');
INSERT INTO [dbo].[TC_DeviceType]([TypeID],[TypeName]) VALUES(17,N'智能电表');
INSERT INTO [dbo].[TC_DeviceType]([TypeID],[TypeName]) VALUES(18,N'智能通风系统');
INSERT INTO [dbo].[TC_DeviceType]([TypeID],[TypeName]) VALUES(19,N'视频设备');
INSERT INTO [dbo].[TC_DeviceType]([TypeID],[TypeName]) VALUES(76,N'监控设备');
INSERT INTO [dbo].[TC_DeviceType]([TypeID],[TypeName]) VALUES(99,N'其它未定义设备');
GO

--■■■■■■■■■■■■■■■■■■■■■■■■■■■■■■■■■■■■■■■■■■■■■■■■■■■■■■■■■■■■■■■■■■■
--添加默认值[dbo].[TC_Productor]
TRUNCATE TABLE [dbo].[TC_Productor];
GO
INSERT INTO [dbo].[TC_Productor]([RecordID],[ProdName],[Phone],[Fax],[Address],[PostalCode],[DeviceTypeName],[Remark]) VALUES(1,N'其它',NULL,NULL,NULL,NULL,NULL,NULL);
INSERT INTO [dbo].[TC_Productor]([RecordID],[ProdName],[Phone],[Fax],[Address],[PostalCode],[DeviceTypeName],[Remark]) VALUES(2,N'中达',NULL,NULL,NULL,NULL,N'低压配电设备;UPS;整流配电设备;门禁;环境设备;防雷设备;监控设备;智能电表;智能通风系统',NULL);
INSERT INTO [dbo].[TC_Productor]([RecordID],[ProdName],[Phone],[Fax],[Address],[PostalCode],[DeviceTypeName],[Remark]) VALUES(3,N'华为',NULL,NULL,NULL,NULL,N'整流配电设备;局部空调设备',NULL);
INSERT INTO [dbo].[TC_Productor]([RecordID],[ProdName],[Phone],[Fax],[Address],[PostalCode],[DeviceTypeName],[Remark]) VALUES(4,N'艾默生',NULL,NULL,NULL,NULL,N'整流配电设备',NULL);
INSERT INTO [dbo].[TC_Productor]([RecordID],[ProdName],[Phone],[Fax],[Address],[PostalCode],[DeviceTypeName],[Remark]) VALUES(5,N'洲际',NULL,NULL,NULL,NULL,N'整流配电设备',NULL);
INSERT INTO [dbo].[TC_Productor]([RecordID],[ProdName],[Phone],[Fax],[Address],[PostalCode],[DeviceTypeName],[Remark]) VALUES(6,N'珠江',NULL,NULL,NULL,NULL,N'整流配电设备',NULL);
INSERT INTO [dbo].[TC_Productor]([RecordID],[ProdName],[Phone],[Fax],[Address],[PostalCode],[DeviceTypeName],[Remark]) VALUES(7,N'动力源',NULL,NULL,NULL,NULL,N'整流配电设备',NULL);
INSERT INTO [dbo].[TC_Productor]([RecordID],[ProdName],[Phone],[Fax],[Address],[PostalCode],[DeviceTypeName],[Remark]) VALUES(8,N'英特吉',NULL,NULL,NULL,NULL,N'整流配电设备',NULL);
INSERT INTO [dbo].[TC_Productor]([RecordID],[ProdName],[Phone],[Fax],[Address],[PostalCode],[DeviceTypeName],[Remark]) VALUES(9,N'通力环',NULL,NULL,NULL,NULL,N'整流配电设备;整流配电设备',NULL);
INSERT INTO [dbo].[TC_Productor]([RecordID],[ProdName],[Phone],[Fax],[Address],[PostalCode],[DeviceTypeName],[Remark]) VALUES(10,N'京电',NULL,NULL,NULL,NULL,NULL,NULL);
INSERT INTO [dbo].[TC_Productor]([RecordID],[ProdName],[Phone],[Fax],[Address],[PostalCode],[DeviceTypeName],[Remark]) VALUES(11,N'爱立信',NULL,NULL,NULL,NULL,NULL,NULL);
INSERT INTO [dbo].[TC_Productor]([RecordID],[ProdName],[Phone],[Fax],[Address],[PostalCode],[DeviceTypeName],[Remark]) VALUES(12,N'艾维斯',NULL,NULL,NULL,NULL,NULL,NULL);
INSERT INTO [dbo].[TC_Productor]([RecordID],[ProdName],[Phone],[Fax],[Address],[PostalCode],[DeviceTypeName],[Remark]) VALUES(13,N'奥新',NULL,NULL,NULL,NULL,NULL,NULL);
INSERT INTO [dbo].[TC_Productor]([RecordID],[ProdName],[Phone],[Fax],[Address],[PostalCode],[DeviceTypeName],[Remark]) VALUES(14,N'博西',NULL,NULL,NULL,NULL,NULL,NULL);
INSERT INTO [dbo].[TC_Productor]([RecordID],[ProdName],[Phone],[Fax],[Address],[PostalCode],[DeviceTypeName],[Remark]) VALUES(15,N'兰森',NULL,NULL,NULL,NULL,NULL,NULL);
INSERT INTO [dbo].[TC_Productor]([RecordID],[ProdName],[Phone],[Fax],[Address],[PostalCode],[DeviceTypeName],[Remark]) VALUES(16,N'朗讯',NULL,NULL,NULL,NULL,NULL,NULL);
INSERT INTO [dbo].[TC_Productor]([RecordID],[ProdName],[Phone],[Fax],[Address],[PostalCode],[DeviceTypeName],[Remark]) VALUES(17,N'青浦',NULL,NULL,NULL,NULL,NULL,NULL);
INSERT INTO [dbo].[TC_Productor]([RecordID],[ProdName],[Phone],[Fax],[Address],[PostalCode],[DeviceTypeName],[Remark]) VALUES(18,N'赛特',NULL,NULL,NULL,NULL,NULL,NULL);
INSERT INTO [dbo].[TC_Productor]([RecordID],[ProdName],[Phone],[Fax],[Address],[PostalCode],[DeviceTypeName],[Remark]) VALUES(19,N'泰坦',NULL,NULL,NULL,NULL,NULL,NULL);
INSERT INTO [dbo].[TC_Productor]([RecordID],[ProdName],[Phone],[Fax],[Address],[PostalCode],[DeviceTypeName],[Remark]) VALUES(20,N'天波',NULL,NULL,NULL,NULL,NULL,NULL);
INSERT INTO [dbo].[TC_Productor]([RecordID],[ProdName],[Phone],[Fax],[Address],[PostalCode],[DeviceTypeName],[Remark]) VALUES(21,N'西门子',NULL,NULL,NULL,NULL,NULL,NULL);
INSERT INTO [dbo].[TC_Productor]([RecordID],[ProdName],[Phone],[Fax],[Address],[PostalCode],[DeviceTypeName],[Remark]) VALUES(22,N'新电元',NULL,NULL,NULL,NULL,NULL,NULL);
INSERT INTO [dbo].[TC_Productor]([RecordID],[ProdName],[Phone],[Fax],[Address],[PostalCode],[DeviceTypeName],[Remark]) VALUES(23,N'新泰达',NULL,NULL,NULL,NULL,NULL,NULL);
INSERT INTO [dbo].[TC_Productor]([RecordID],[ProdName],[Phone],[Fax],[Address],[PostalCode],[DeviceTypeName],[Remark]) VALUES(24,N'兴安',NULL,NULL,NULL,NULL,NULL,NULL);
INSERT INTO [dbo].[TC_Productor]([RecordID],[ProdName],[Phone],[Fax],[Address],[PostalCode],[DeviceTypeName],[Remark]) VALUES(25,N'兴力隆',NULL,NULL,NULL,NULL,NULL,NULL);
INSERT INTO [dbo].[TC_Productor]([RecordID],[ProdName],[Phone],[Fax],[Address],[PostalCode],[DeviceTypeName],[Remark]) VALUES(26,N'许继',NULL,NULL,NULL,NULL,NULL,NULL);
INSERT INTO [dbo].[TC_Productor]([RecordID],[ProdName],[Phone],[Fax],[Address],[PostalCode],[DeviceTypeName],[Remark]) VALUES(27,N'亚澳',NULL,NULL,NULL,NULL,NULL,NULL);
INSERT INTO [dbo].[TC_Productor]([RecordID],[ProdName],[Phone],[Fax],[Address],[PostalCode],[DeviceTypeName],[Remark]) VALUES(28,N'邮通',NULL,NULL,NULL,NULL,NULL,NULL);
INSERT INTO [dbo].[TC_Productor]([RecordID],[ProdName],[Phone],[Fax],[Address],[PostalCode],[DeviceTypeName],[Remark]) VALUES(29,N'中兴',NULL,NULL,NULL,NULL,NULL,NULL);
INSERT INTO [dbo].[TC_Productor]([RecordID],[ProdName],[Phone],[Fax],[Address],[PostalCode],[DeviceTypeName],[Remark]) VALUES(30,N'中原',NULL,NULL,NULL,NULL,NULL,NULL);
INSERT INTO [dbo].[TC_Productor]([RecordID],[ProdName],[Phone],[Fax],[Address],[PostalCode],[DeviceTypeName],[Remark]) VALUES(31,N'易达',NULL,NULL,NULL,NULL,NULL,NULL);
INSERT INTO [dbo].[TC_Productor]([RecordID],[ProdName],[Phone],[Fax],[Address],[PostalCode],[DeviceTypeName],[Remark]) VALUES(32,N'东方电子',NULL,NULL,NULL,NULL,NULL,NULL);
INSERT INTO [dbo].[TC_Productor]([RecordID],[ProdName],[Phone],[Fax],[Address],[PostalCode],[DeviceTypeName],[Remark]) VALUES(33,N'华新',NULL,NULL,NULL,NULL,NULL,NULL);
INSERT INTO [dbo].[TC_Productor]([RecordID],[ProdName],[Phone],[Fax],[Address],[PostalCode],[DeviceTypeName],[Remark]) VALUES(34,N'爱崴斯',NULL,NULL,NULL,NULL,NULL,NULL);
INSERT INTO [dbo].[TC_Productor]([RecordID],[ProdName],[Phone],[Fax],[Address],[PostalCode],[DeviceTypeName],[Remark]) VALUES(35,N'华玉',NULL,NULL,NULL,NULL,NULL,NULL);
INSERT INTO [dbo].[TC_Productor]([RecordID],[ProdName],[Phone],[Fax],[Address],[PostalCode],[DeviceTypeName],[Remark]) VALUES(36,N'桂电',NULL,NULL,NULL,NULL,NULL,NULL);
INSERT INTO [dbo].[TC_Productor]([RecordID],[ProdName],[Phone],[Fax],[Address],[PostalCode],[DeviceTypeName],[Remark]) VALUES(37,N'亚力',NULL,NULL,NULL,NULL,NULL,NULL);
INSERT INTO [dbo].[TC_Productor]([RecordID],[ProdName],[Phone],[Fax],[Address],[PostalCode],[DeviceTypeName],[Remark]) VALUES(38,N'APC',NULL,NULL,NULL,NULL,NULL,NULL);
INSERT INTO [dbo].[TC_Productor]([RecordID],[ProdName],[Phone],[Fax],[Address],[PostalCode],[DeviceTypeName],[Remark]) VALUES(39,N'BEST',NULL,NULL,NULL,NULL,NULL,NULL);
INSERT INTO [dbo].[TC_Productor]([RecordID],[ProdName],[Phone],[Fax],[Address],[PostalCode],[DeviceTypeName],[Remark]) VALUES(40,N'CE',NULL,NULL,NULL,NULL,NULL,NULL);
INSERT INTO [dbo].[TC_Productor]([RecordID],[ProdName],[Phone],[Fax],[Address],[PostalCode],[DeviceTypeName],[Remark]) VALUES(41,N'CHLORIDE',NULL,NULL,NULL,NULL,NULL,NULL);
INSERT INTO [dbo].[TC_Productor]([RecordID],[ProdName],[Phone],[Fax],[Address],[PostalCode],[DeviceTypeName],[Remark]) VALUES(42,N'CONVEREX',NULL,NULL,NULL,NULL,NULL,NULL);
INSERT INTO [dbo].[TC_Productor]([RecordID],[ProdName],[Phone],[Fax],[Address],[PostalCode],[DeviceTypeName],[Remark]) VALUES(43,N'INVERTOMATIC',NULL,NULL,NULL,NULL,NULL,NULL);
INSERT INTO [dbo].[TC_Productor]([RecordID],[ProdName],[Phone],[Fax],[Address],[PostalCode],[DeviceTypeName],[Remark]) VALUES(44,N'爱克赛',NULL,NULL,NULL,NULL,NULL,NULL);
INSERT INTO [dbo].[TC_Productor]([RecordID],[ProdName],[Phone],[Fax],[Address],[PostalCode],[DeviceTypeName],[Remark]) VALUES(45,N'波力',NULL,NULL,NULL,NULL,NULL,NULL);
INSERT INTO [dbo].[TC_Productor]([RecordID],[ProdName],[Phone],[Fax],[Address],[PostalCode],[DeviceTypeName],[Remark]) VALUES(46,N'国耀',NULL,NULL,NULL,NULL,NULL,NULL);
INSERT INTO [dbo].[TC_Productor]([RecordID],[ProdName],[Phone],[Fax],[Address],[PostalCode],[DeviceTypeName],[Remark]) VALUES(47,N'梅兰日兰',NULL,NULL,NULL,NULL,N'低压配电设备',NULL);
INSERT INTO [dbo].[TC_Productor]([RecordID],[ProdName],[Phone],[Fax],[Address],[PostalCode],[DeviceTypeName],[Remark]) VALUES(48,N'三菱',NULL,NULL,NULL,NULL,N'局部空调设备',NULL);
INSERT INTO [dbo].[TC_Productor]([RecordID],[ProdName],[Phone],[Fax],[Address],[PostalCode],[DeviceTypeName],[Remark]) VALUES(49,N'山特',NULL,NULL,NULL,NULL,NULL,NULL);
INSERT INTO [dbo].[TC_Productor]([RecordID],[ProdName],[Phone],[Fax],[Address],[PostalCode],[DeviceTypeName],[Remark]) VALUES(50,N'先控&索克曼',NULL,NULL,NULL,NULL,NULL,NULL);
INSERT INTO [dbo].[TC_Productor]([RecordID],[ProdName],[Phone],[Fax],[Address],[PostalCode],[DeviceTypeName],[Remark]) VALUES(51,N'伽马',NULL,NULL,NULL,NULL,NULL,NULL);
INSERT INTO [dbo].[TC_Productor]([RecordID],[ProdName],[Phone],[Fax],[Address],[PostalCode],[DeviceTypeName],[Remark]) VALUES(52,N'ABB',NULL,NULL,NULL,NULL,NULL,NULL);
INSERT INTO [dbo].[TC_Productor]([RecordID],[ProdName],[Phone],[Fax],[Address],[PostalCode],[DeviceTypeName],[Remark]) VALUES(53,N'爱斯维尔',NULL,NULL,NULL,NULL,NULL,NULL);
INSERT INTO [dbo].[TC_Productor]([RecordID],[ProdName],[Phone],[Fax],[Address],[PostalCode],[DeviceTypeName],[Remark]) VALUES(54,N'阿尔西',NULL,NULL,NULL,NULL,NULL,NULL);
INSERT INTO [dbo].[TC_Productor]([RecordID],[ProdName],[Phone],[Fax],[Address],[PostalCode],[DeviceTypeName],[Remark]) VALUES(55,N'UN',NULL,NULL,NULL,NULL,NULL,NULL);
INSERT INTO [dbo].[TC_Productor]([RecordID],[ProdName],[Phone],[Fax],[Address],[PostalCode],[DeviceTypeName],[Remark]) VALUES(56,N'阿特拉斯',NULL,NULL,NULL,NULL,NULL,NULL);
INSERT INTO [dbo].[TC_Productor]([RecordID],[ProdName],[Phone],[Fax],[Address],[PostalCode],[DeviceTypeName],[Remark]) VALUES(57,N'艾福',NULL,NULL,NULL,NULL,NULL,NULL);
INSERT INTO [dbo].[TC_Productor]([RecordID],[ProdName],[Phone],[Fax],[Address],[PostalCode],[DeviceTypeName],[Remark]) VALUES(58,N'长虹',NULL,NULL,NULL,NULL,NULL,NULL);
INSERT INTO [dbo].[TC_Productor]([RecordID],[ProdName],[Phone],[Fax],[Address],[PostalCode],[DeviceTypeName],[Remark]) VALUES(59,N'大金',NULL,NULL,NULL,NULL,NULL,NULL);
INSERT INTO [dbo].[TC_Productor]([RecordID],[ProdName],[Phone],[Fax],[Address],[PostalCode],[DeviceTypeName],[Remark]) VALUES(60,N'丹科',NULL,NULL,NULL,NULL,NULL,NULL);
INSERT INTO [dbo].[TC_Productor]([RecordID],[ProdName],[Phone],[Fax],[Address],[PostalCode],[DeviceTypeName],[Remark]) VALUES(61,N'丹兰',NULL,NULL,NULL,NULL,NULL,NULL);
INSERT INTO [dbo].[TC_Productor]([RecordID],[ProdName],[Phone],[Fax],[Address],[PostalCode],[DeviceTypeName],[Remark]) VALUES(62,N'格力',NULL,NULL,NULL,NULL,NULL,NULL);
INSERT INTO [dbo].[TC_Productor]([RecordID],[ProdName],[Phone],[Fax],[Address],[PostalCode],[DeviceTypeName],[Remark]) VALUES(63,N'海洛斯',NULL,NULL,NULL,NULL,NULL,NULL);
INSERT INTO [dbo].[TC_Productor]([RecordID],[ProdName],[Phone],[Fax],[Address],[PostalCode],[DeviceTypeName],[Remark]) VALUES(64,N'吉荣',NULL,NULL,NULL,NULL,NULL,NULL);
INSERT INTO [dbo].[TC_Productor]([RecordID],[ProdName],[Phone],[Fax],[Address],[PostalCode],[DeviceTypeName],[Remark]) VALUES(65,N'加利图',NULL,NULL,NULL,NULL,NULL,NULL);
INSERT INTO [dbo].[TC_Productor]([RecordID],[ProdName],[Phone],[Fax],[Address],[PostalCode],[DeviceTypeName],[Remark]) VALUES(66,N'三洋',NULL,NULL,NULL,NULL,N'局部空调设备',NULL);
INSERT INTO [dbo].[TC_Productor]([RecordID],[ProdName],[Phone],[Fax],[Address],[PostalCode],[DeviceTypeName],[Remark]) VALUES(67,N'斯图斯',NULL,NULL,NULL,NULL,N'局部空调设备',NULL);
INSERT INTO [dbo].[TC_Productor]([RecordID],[ProdName],[Phone],[Fax],[Address],[PostalCode],[DeviceTypeName],[Remark]) VALUES(68,N'伊米康',NULL,NULL,NULL,NULL,N'局部空调设备',NULL);
INSERT INTO [dbo].[TC_Productor]([RecordID],[ProdName],[Phone],[Fax],[Address],[PostalCode],[DeviceTypeName],[Remark]) VALUES(69,N'雅利顿',NULL,NULL,NULL,NULL,NULL,NULL);
INSERT INTO [dbo].[TC_Productor]([RecordID],[ProdName],[Phone],[Fax],[Address],[PostalCode],[DeviceTypeName],[Remark]) VALUES(70,N'法亚',NULL,NULL,NULL,NULL,N'局部空调设备',NULL);
INSERT INTO [dbo].[TC_Productor]([RecordID],[ProdName],[Phone],[Fax],[Address],[PostalCode],[DeviceTypeName],[Remark]) VALUES(71,N'春兰',NULL,NULL,NULL,NULL,N'局部空调设备',NULL);
INSERT INTO [dbo].[TC_Productor]([RecordID],[ProdName],[Phone],[Fax],[Address],[PostalCode],[DeviceTypeName],[Remark]) VALUES(72,N'海尔',NULL,NULL,NULL,NULL,N'局部空调设备',NULL);
INSERT INTO [dbo].[TC_Productor]([RecordID],[ProdName],[Phone],[Fax],[Address],[PostalCode],[DeviceTypeName],[Remark]) VALUES(73,N'日立',NULL,NULL,NULL,NULL,N'局部空调设备',NULL);
INSERT INTO [dbo].[TC_Productor]([RecordID],[ProdName],[Phone],[Fax],[Address],[PostalCode],[DeviceTypeName],[Remark]) VALUES(74,N'凯利',NULL,NULL,NULL,NULL,N'局部空调设备',NULL);
INSERT INTO [dbo].[TC_Productor]([RecordID],[ProdName],[Phone],[Fax],[Address],[PostalCode],[DeviceTypeName],[Remark]) VALUES(75,N'MTU',NULL,NULL,NULL,NULL,NULL,NULL);
INSERT INTO [dbo].[TC_Productor]([RecordID],[ProdName],[Phone],[Fax],[Address],[PostalCode],[DeviceTypeName],[Remark]) VALUES(76,N'SIMMAX',NULL,NULL,NULL,NULL,NULL,NULL);
INSERT INTO [dbo].[TC_Productor]([RecordID],[ProdName],[Phone],[Fax],[Address],[PostalCode],[DeviceTypeName],[Remark]) VALUES(77,N'TTI',NULL,NULL,NULL,NULL,NULL,NULL);
INSERT INTO [dbo].[TC_Productor]([RecordID],[ProdName],[Phone],[Fax],[Address],[PostalCode],[DeviceTypeName],[Remark]) VALUES(78,N'VP',NULL,NULL,NULL,NULL,NULL,NULL);
INSERT INTO [dbo].[TC_Productor]([RecordID],[ProdName],[Phone],[Fax],[Address],[PostalCode],[DeviceTypeName],[Remark]) VALUES(79,N'德锋',NULL,NULL,NULL,NULL,N'柴油发电机组',NULL);
INSERT INTO [dbo].[TC_Productor]([RecordID],[ProdName],[Phone],[Fax],[Address],[PostalCode],[DeviceTypeName],[Remark]) VALUES(80,N'底特律',NULL,NULL,NULL,NULL,N'柴油发电机组',NULL);
INSERT INTO [dbo].[TC_Productor]([RecordID],[ProdName],[Phone],[Fax],[Address],[PostalCode],[DeviceTypeName],[Remark]) VALUES(81,N'佛光',NULL,NULL,NULL,NULL,N'柴油发电机组',NULL);
INSERT INTO [dbo].[TC_Productor]([RecordID],[ProdName],[Phone],[Fax],[Address],[PostalCode],[DeviceTypeName],[Remark]) VALUES(82,N'卡特比勒',NULL,NULL,NULL,NULL,N'柴油发电机组',NULL);
INSERT INTO [dbo].[TC_Productor]([RecordID],[ProdName],[Phone],[Fax],[Address],[PostalCode],[DeviceTypeName],[Remark]) VALUES(83,N'卡特莱特',NULL,NULL,NULL,NULL,NULL,NULL);
INSERT INTO [dbo].[TC_Productor]([RecordID],[ProdName],[Phone],[Fax],[Address],[PostalCode],[DeviceTypeName],[Remark]) VALUES(84,N'康明斯',NULL,NULL,NULL,NULL,N'柴油发电机组',NULL);
INSERT INTO [dbo].[TC_Productor]([RecordID],[ProdName],[Phone],[Fax],[Address],[PostalCode],[DeviceTypeName],[Remark]) VALUES(85,N'科勒',NULL,NULL,NULL,NULL,NULL,NULL);
INSERT INTO [dbo].[TC_Productor]([RecordID],[ProdName],[Phone],[Fax],[Address],[PostalCode],[DeviceTypeName],[Remark]) VALUES(86,N'科泰',NULL,NULL,NULL,NULL,NULL,NULL);
INSERT INTO [dbo].[TC_Productor]([RecordID],[ProdName],[Phone],[Fax],[Address],[PostalCode],[DeviceTypeName],[Remark]) VALUES(87,N'劳斯莱斯',NULL,NULL,NULL,NULL,N'柴油发电机组',NULL);
INSERT INTO [dbo].[TC_Productor]([RecordID],[ProdName],[Phone],[Fax],[Address],[PostalCode],[DeviceTypeName],[Remark]) VALUES(88,N'桑瑞斯',NULL,NULL,NULL,NULL,NULL,NULL);
INSERT INTO [dbo].[TC_Productor]([RecordID],[ProdName],[Phone],[Fax],[Address],[PostalCode],[DeviceTypeName],[Remark]) VALUES(89,N'深海',NULL,NULL,NULL,NULL,NULL,NULL);
INSERT INTO [dbo].[TC_Productor]([RecordID],[ProdName],[Phone],[Fax],[Address],[PostalCode],[DeviceTypeName],[Remark]) VALUES(90,N'辛普森',NULL,NULL,NULL,NULL,NULL,NULL);
INSERT INTO [dbo].[TC_Productor]([RecordID],[ProdName],[Phone],[Fax],[Address],[PostalCode],[DeviceTypeName],[Remark]) VALUES(91,N'依梦尼莎',NULL,NULL,NULL,NULL,NULL,NULL);
INSERT INTO [dbo].[TC_Productor]([RecordID],[ProdName],[Phone],[Fax],[Address],[PostalCode],[DeviceTypeName],[Remark]) VALUES(92,N'依维柯',NULL,NULL,NULL,NULL,NULL,NULL);
INSERT INTO [dbo].[TC_Productor]([RecordID],[ProdName],[Phone],[Fax],[Address],[PostalCode],[DeviceTypeName],[Remark]) VALUES(93,N'众智',NULL,NULL,NULL,NULL,NULL,NULL);
INSERT INTO [dbo].[TC_Productor]([RecordID],[ProdName],[Phone],[Fax],[Address],[PostalCode],[DeviceTypeName],[Remark]) VALUES(94,N'大皇冠',NULL,NULL,NULL,NULL,NULL,NULL);
INSERT INTO [dbo].[TC_Productor]([RecordID],[ProdName],[Phone],[Fax],[Address],[PostalCode],[DeviceTypeName],[Remark]) VALUES(95,N'阳光',NULL,NULL,NULL,NULL,N'蓄电池组',NULL);
INSERT INTO [dbo].[TC_Productor]([RecordID],[ProdName],[Phone],[Fax],[Address],[PostalCode],[DeviceTypeName],[Remark]) VALUES(96,N'光宇',NULL,NULL,NULL,NULL,N'蓄电池组',NULL);
INSERT INTO [dbo].[TC_Productor]([RecordID],[ProdName],[Phone],[Fax],[Address],[PostalCode],[DeviceTypeName],[Remark]) VALUES(97,N'华达',NULL,NULL,NULL,NULL,N'蓄电池组',NULL);
INSERT INTO [dbo].[TC_Productor]([RecordID],[ProdName],[Phone],[Fax],[Address],[PostalCode],[DeviceTypeName],[Remark]) VALUES(98,N'南都',NULL,NULL,NULL,NULL,N'蓄电池组',NULL);
INSERT INTO [dbo].[TC_Productor]([RecordID],[ProdName],[Phone],[Fax],[Address],[PostalCode],[DeviceTypeName],[Remark]) VALUES(99,N'霍克',NULL,NULL,NULL,NULL,N'蓄电池组',NULL);
INSERT INTO [dbo].[TC_Productor]([RecordID],[ProdName],[Phone],[Fax],[Address],[PostalCode],[DeviceTypeName],[Remark]) VALUES(100,N'VEASDA',NULL,NULL,NULL,NULL,NULL,NULL);
INSERT INTO [dbo].[TC_Productor]([RecordID],[ProdName],[Phone],[Fax],[Address],[PostalCode],[DeviceTypeName],[Remark]) VALUES(101,N'GE',NULL,NULL,NULL,NULL,NULL,NULL);
INSERT INTO [dbo].[TC_Productor]([RecordID],[ProdName],[Phone],[Fax],[Address],[PostalCode],[DeviceTypeName],[Remark]) VALUES(102,N'冲科',NULL,NULL,NULL,NULL,NULL,NULL);
INSERT INTO [dbo].[TC_Productor]([RecordID],[ProdName],[Phone],[Fax],[Address],[PostalCode],[DeviceTypeName],[Remark]) VALUES(103,N'金曼克',NULL,NULL,NULL,NULL,NULL,NULL);
INSERT INTO [dbo].[TC_Productor]([RecordID],[ProdName],[Phone],[Fax],[Address],[PostalCode],[DeviceTypeName],[Remark]) VALUES(104,N'力德',NULL,NULL,NULL,NULL,NULL,NULL);
INSERT INTO [dbo].[TC_Productor]([RecordID],[ProdName],[Phone],[Fax],[Address],[PostalCode],[DeviceTypeName],[Remark]) VALUES(105,N'南京火警',NULL,NULL,NULL,NULL,NULL,NULL);
INSERT INTO [dbo].[TC_Productor]([RecordID],[ProdName],[Phone],[Fax],[Address],[PostalCode],[DeviceTypeName],[Remark]) VALUES(106,N'松江火警',NULL,NULL,NULL,NULL,NULL,NULL);
INSERT INTO [dbo].[TC_Productor]([RecordID],[ProdName],[Phone],[Fax],[Address],[PostalCode],[DeviceTypeName],[Remark]) VALUES(107,N'雅达',NULL,NULL,NULL,NULL,NULL,NULL);
INSERT INTO [dbo].[TC_Productor]([RecordID],[ProdName],[Phone],[Fax],[Address],[PostalCode],[DeviceTypeName],[Remark]) VALUES(108,N'顺达',NULL,NULL,NULL,NULL,NULL,NULL);
INSERT INTO [dbo].[TC_Productor]([RecordID],[ProdName],[Phone],[Fax],[Address],[PostalCode],[DeviceTypeName],[Remark]) VALUES(109,N'松下',NULL,NULL,NULL,NULL,N'局部空调设备',NULL);
INSERT INTO [dbo].[TC_Productor]([RecordID],[ProdName],[Phone],[Fax],[Address],[PostalCode],[DeviceTypeName],[Remark]) VALUES(110,N'圣阳',NULL,NULL,NULL,NULL,NULL,NULL);
INSERT INTO [dbo].[TC_Productor]([RecordID],[ProdName],[Phone],[Fax],[Address],[PostalCode],[DeviceTypeName],[Remark]) VALUES(111,N'其它',NULL,NULL,NULL,NULL,NULL,NULL);
INSERT INTO [dbo].[TC_Productor]([RecordID],[ProdName],[Phone],[Fax],[Address],[PostalCode],[DeviceTypeName],[Remark]) VALUES(112,N'格力',NULL,NULL,NULL,NULL,N'局部空调设备',NULL);
INSERT INTO [dbo].[TC_Productor]([RecordID],[ProdName],[Phone],[Fax],[Address],[PostalCode],[DeviceTypeName],[Remark]) VALUES(113,N'其它',NULL,NULL,NULL,NULL,NULL,NULL);
INSERT INTO [dbo].[TC_Productor]([RecordID],[ProdName],[Phone],[Fax],[Address],[PostalCode],[DeviceTypeName],[Remark]) VALUES(114,N'施威特克',NULL,NULL,NULL,NULL,N'整流配电设备',NULL);
GO

--■■■■■■■■■■■■■■■■■■■■■■■■■■■■■■■■■■■■■■■■■■■■■■■■■■■■■■■■■■■■■■■■■■■
--添加默认值[dbo].[TC_Protocol]
TRUNCATE TABLE [dbo].[TC_Protocol];
GO
INSERT INTO [dbo].[TC_Protocol]([TypeID],[TypeName],[TypeDesc]) VALUES(1,N'b',N'BCMS');
INSERT INTO [dbo].[TC_Protocol]([TypeID],[TypeName],[TypeDesc]) VALUES(2,N'B',N'UPC');
INSERT INTO [dbo].[TC_Protocol]([TypeID],[TypeName],[TypeDesc]) VALUES(3,N'C',N'多功能电表(台湾)');
INSERT INTO [dbo].[TC_Protocol]([TypeID],[TypeName],[TypeDesc]) VALUES(4,N'CD',N'纽贝尔门禁控制器');
INSERT INTO [dbo].[TC_Protocol]([TypeID],[TypeName],[TypeDesc]) VALUES(5,N'F1',N'智能门禁控制器(中达)');
INSERT INTO [dbo].[TC_Protocol]([TypeID],[TypeName],[TypeDesc]) VALUES(6,N'MMB',N'Modbus');
INSERT INTO [dbo].[TC_Protocol]([TypeID],[TypeName],[TypeDesc]) VALUES(7,N'N',N'RTU');
INSERT INTO [dbo].[TC_Protocol]([TypeID],[TypeName],[TypeDesc]) VALUES(8,N'PB',N'FEC');
INSERT INTO [dbo].[TC_Protocol]([TypeID],[TypeName],[TypeDesc]) VALUES(9,N'PD',N'智能门禁控制器(台湾)');
INSERT INTO [dbo].[TC_Protocol]([TypeID],[TypeName],[TypeDesc]) VALUES(10,N'PU',N'BCMU');
INSERT INTO [dbo].[TC_Protocol]([TypeID],[TypeName],[TypeDesc]) VALUES(11,N'MMB_IRTU',N'RTU(Modbus)');
INSERT INTO [dbo].[TC_Protocol]([TypeID],[TypeName],[TypeDesc]) VALUES(12,N'MMB_ACRS',N'空调遥控器(Modbus)');
INSERT INTO [dbo].[TC_Protocol]([TypeID],[TypeName],[TypeDesc]) VALUES(13,N'PZD',N'中达自定义协议');
INSERT INTO [dbo].[TC_Protocol]([TypeID],[TypeName],[TypeDesc]) VALUES(14,N'PZD_B',N'中达自定义协议(电池)');
INSERT INTO [dbo].[TC_Protocol]([TypeID],[TypeName],[TypeDesc]) VALUES(15,N'PZD_P',N'中达自定义协议(图片)');
INSERT INTO [dbo].[TC_Protocol]([TypeID],[TypeName],[TypeDesc]) VALUES(16,N'C1',N'中达电源6000协议');

--■■■■■■■■■■■■■■■■■■■■■■■■■■■■■■■■■■■■■■■■■■■■■■■■■■■■■■■■■■■■■■■■■■■
--添加默认值[dbo].[TC_StaFeatures]
TRUNCATE TABLE [dbo].[TC_StaFeatures];
GO
INSERT INTO [dbo].[TC_StaFeatures]([TypeID],[TypeDesc]) VALUES(0,N'M_GSM900M');
INSERT INTO [dbo].[TC_StaFeatures]([TypeID],[TypeDesc]) VALUES(1,N'D_DCS1800M');
INSERT INTO [dbo].[TC_StaFeatures]([TypeID],[TypeDesc]) VALUES(2,N'T_DSCDMA');
INSERT INTO [dbo].[TC_StaFeatures]([TypeID],[TypeDesc]) VALUES(4,N'NULL');
GO

--■■■■■■■■■■■■■■■■■■■■■■■■■■■■■■■■■■■■■■■■■■■■■■■■■■■■■■■■■■■■■■■■■■■
--添加默认值[dbo].[TC_StationType]
TRUNCATE TABLE [dbo].[TC_StationType];
GO
INSERT INTO [dbo].[TC_StationType]([TypeID],[TypeName]) VALUES(0,N'机房');
INSERT INTO [dbo].[TC_StationType]([TypeID],[TypeName]) VALUES(1,N'本地网传输节点');
INSERT INTO [dbo].[TC_StationType]([TypeID],[TypeName]) VALUES(2,N'VVIP');
INSERT INTO [dbo].[TC_StationType]([TypeID],[TypeName]) VALUES(3,N'VIP');
INSERT INTO [dbo].[TC_StationType]([TypeID],[TypeName]) VALUES(4,N'普通基站');
INSERT INTO [dbo].[TC_StationType]([TypeID],[TypeName]) VALUES(5,N'干接点');
INSERT INTO [dbo].[TC_StationType]([TypeID],[TypeName]) VALUES(6,N'简易监控');
INSERT INTO [dbo].[TC_StationType]([TypeID],[TypeName]) VALUES(7,N'无');
GO